-0.0503
-0.0292
-0.0131
0.0322
0.0749
0.1066
0.0910
0.0357
-0.0402
0.0121
0.0085
0.0241
-0.0684
-0.0845
0.0312
0.0960
0.0493
0.0251
0.0171
0.0538
0.0282
0.2207
0.1961
0.1141
0.1157
0.0970
0.0794
0.1006
0.0744
0.0553
0.0699
0.0307
0.0744
0.0860
0.0739
0.1695
0.1473
0.1302
0.0955
-0.0131
0.0201
0.0955
0.0166
0.0744
0.0121
0.0930
0.0880
0.1182
0.1192
0.1720
0.1383
0.2182
0.2052
0.2685
0.2212
0.2393
0.2212
0.1327
0.1519
0.1755
0.1624
0.1096
0.1312
0.0538
0.0171
-0.0402
-0.0221
-0.0282
0.0307
0.0644
0.1519
0.1559
0.1353
0.1755
0.1519
0.1121
0.1031
0.1091
0.0588
0.0764
0.1418
0.1679
0.1564
0.1674
0.1141
0.1146
0.0840
0.0955
0.0483
0.0996
0.1473
0.1629
0.1840
0.1795
0.1669
0.0915
0.0679
0.1126
0.0840
0.1141
0.0845
0.0729
-0.0412
0.0025
0.0629
0.0986
0.1795
0.2187
0.2268
0.1785
0.1534
0.1026
0.0754
0.1629
0.1614
0.1740
0.1599
0.1071
0.1322
0.1845
0.1886
0.1825
0.2725
0.2771
0.2429
0.2142
0.2217
0.1865
0.2122
0.1679
0.1886
0.2041
0.2041
0.1840
0.2323
0.2680
0.1257
0.1775
0.1825
0.1684
0.1996
0.2650
0.2610
0.2263
0.1559
0.2127
0.2323
0.2771
0.2489
0.1961
0.1765
0.1438
0.0940
0.0910
0.1931
0.1559
0.1353
0.1327
0.1207
0.0981
0.1252
0.1891
0.2122
0.2112
0.2082
0.2424
0.1810
0.1544
0.1031
0.1418
0.1257
0.1126
0.0840
0.1695
0.1136
0.1157
0.2011
0.0975
0.1232
0.1996
0.1700
0.1770
0.2162
0.1820
0.1684
0.2117
0.1669
0.1986
0.2197
0.2182
0.2559
0.2238
0.2399
0.2313
0.2454
0.2680
0.2524
0.2001
0.1584
0.1172
0.1302
0.1483
0.2368
0.2303
0.2338
0.1529
0.1634
0.0986
0.0392
0.0930
0.1418
0.1358
0.0900
0.0573
0.0085
0.0282
0.1443
0.2127
0.2429
0.3077
0.2821
0.2217
0.2906
0.2484
0.2263
0.1498
0.1534
0.1141
0.0528
-0.0040
0.0161
0.0211
0.0970
0.1262
0.1046
0.1091
0.0272
0.0085
0.0136
0.0513
0.0372
0.0583
0.1056
0.1192
0.1101
0.0171
-0.0634
-0.0684
-0.0091
0.0025
0.0226
0.0981
0.0402
0.0397
0.1559
0.1368
0.1126
0.1458
0.1498
0.1629
0.1001
0.1162
0.1996
0.2253
0.2393
0.2197
0.2283
0.2524
0.3092
0.2283
0.2745
0.2378
0.2077
0.2067
0.2590
0.2137
0.1378
0.1765
0.0880
0.1488
0.1423
0.2021
0.1720
0.2001
0.1473
0.2147
0.1604
0.1282
0.0518
0.0880
0.1493
0.1519
0.1971
0.2197
0.2932
0.2373
0.1871
0.1951
0.1659
0.1941
0.3258
0.2821
0.2967
0.2932
0.2826
0.2534
0.2730
0.2147
0.1820
0.1207
0.1825
0.1886
0.2127
0.2021
0.2353
0.2489
0.1941
0.1860
0.1604
0.1815
0.1785
0.1302
0.1931
0.2268
0.2640
0.2067
0.1312
0.1187
0.2142
0.2544
0.1860
0.1287
0.0940
0.0799
0.1026
0.1157
0.0855
0.0845
0.0815
0.0694
0.0608
0.1282
0.0513
0.0272
0.0704
0.0830
0.0910
0.0558
0.0488
0.1207
0.1629
0.1835
0.1473
0.2127
0.2021
0.1906
0.2052
0.1398
0.1257
0.1871
0.2323
0.2057
0.2353
0.3128
0.3283
0.2750
0.2695
0.1996
0.2313
0.1725
0.1172
0.1488
0.2127
0.2534
0.2926
0.2700
0.1891
0.1519
0.1217
0.1534
0.1871
0.2348
0.2243
0.2414
0.1785
0.1529
0.1785
0.2258
0.1569
0.2730
0.2464
0.1931
0.2011
0.2640
0.1845
0.2328
0.2896
0.2474
0.2358
0.2600
0.2776
0.3641
0.3027
0.2258
0.1679
0.1845
0.1891
0.1916
0.2167
0.2233
0.1770
0.1705
0.1589
0.2172
0.2142
0.2328
0.2469
0.1926
0.1322
0.1488
0.1418
0.1051
0.1705
0.2846
0.2846
0.2539
0.2615
0.2685
0.2313
0.2675
0.2695
0.3067
0.3012
0.3092
0.1956
0.1976
0.1785
0.2489
0.2585
0.2554
0.2404
0.3077
0.2072
0.2494
0.1498
0.1197
0.1730
0.0845
0.1242
0.2207
0.2162
0.2333
0.2811
0.2072
0.1750
0.2333
0.2585
0.1800
0.1971
0.2192
0.1820
0.2303
0.2137
0.2419
0.3615
0.3957
0.2937
0.3540
0.2419
0.2233
0.1976
0.2499
0.2705
0.2539
0.2725
0.2861
0.2444
0.2338
0.1720
0.2006
0.1705
0.1569
0.1986
0.2836
0.3183
0.2997
0.2861
0.1911
0.1825
0.2092
0.2383
0.3258
0.2514
0.1765
0.2373
0.1956
0.2207
0.1740
0.2328
0.2680
0.2082
0.1845
0.2122
0.2197
0.2891
0.2871
0.2660
0.2097
0.2916
0.3656
0.3238
0.3681
0.3580
0.3827
0.3163
0.2238
0.1559
0.2057
0.1624
0.2660
0.2298
0.2544
0.2937
0.2514
0.1961
0.2303
0.2962
0.2952
0.3243
0.3263
0.3585
0.2559
0.2625
0.2258
0.2514
0.2303
0.2635
0.2745
0.2554
0.3153
0.2243
0.2826
0.3042
0.2781
0.3032
0.3077
0.3987
0.3495
0.3771
0.3213
0.2916
0.2157
0.1488
0.1297
0.1589
0.2439
0.1800
0.2268
0.2278
0.2077
0.2182
0.2026
0.1277
0.1881
0.2439
0.3097
0.2393
0.2404
0.1554
0.1559
0.2092
0.2600
0.2766
0.3223
0.2916
0.2167
0.3173
0.3409
0.3168
0.3188
0.3962
0.4752
0.3842
0.4138
0.4234
0.3666
0.3253
0.2625
0.2771
0.2167
0.2233
0.1956
0.2187
0.2554
0.3057
0.3118
0.2942
0.3128
0.2102
0.1111
0.1639
0.1217
0.0870
0.1157
0.2625
0.2469
0.2791
0.2791
0.3238
0.3143
0.3163
0.3304
0.3500
0.3756
0.2906
0.2881
0.3082
0.2288
0.1906
0.1182
0.1534
0.2278
0.1981
0.2207
0.2348
0.2590
0.2559
0.2197
0.2353
0.2263
0.2207
0.1514
0.1961
0.1860
0.2630
0.2162
0.2886
0.2439
0.3067
0.3123
0.3359
0.4269
0.3817
0.3570
0.3590
0.3625
0.3967
0.3253
0.3258
0.2932
0.3444
0.2987
0.3475
0.3208
0.3535
0.3153
0.3495
0.3982
0.3485
0.2796
0.2585
0.2228
0.1639
0.1835
0.2509
0.2383
0.2610
0.2147
0.2740
0.3072
0.2911
0.2590
0.2554
0.1986
0.2937
0.3238
0.2615
0.2977
0.2519
0.2399
0.2187
0.2680
0.3183
0.2675
0.3032
0.2660
0.2916
0.3309
0.3082
0.3027
0.2771
0.3208
0.3967
0.3580
0.3490
0.3218
0.3555
0.3263
0.3268
0.3258
0.3047
0.4053
0.3102
0.2695
0.2630
0.2162
0.2750
0.2348
0.2670
0.3454
0.3731
0.3384
0.2836
0.3565
0.3822
0.3258
0.3676
0.4008
0.3932
0.3444
0.3168
0.2675
0.2710
0.2212
0.2997
0.2519
0.2705
0.2740
0.2655
0.2906
0.2766
0.2580
0.2962
0.3027
0.4153
0.3721
0.3394
0.2700
0.3374
0.2585
0.2333
0.1926
0.1720
0.2097
0.2585
0.2766
0.2685
0.3057
0.2564
0.2404
0.2836
0.3585
0.3399
0.2192
0.2564
0.2313
0.3500
0.3656
0.3449
0.3595
0.3304
0.3399
0.2937
0.3329
0.2680
0.2424
0.2524
0.3223
0.3766
0.3837
0.3052
0.3208
0.3007
0.2524
0.2705
0.2635
0.2373
0.2052
0.1514
0.1418
0.2509
0.2796
0.2610
0.2866
0.3173
0.3615
0.4375
0.4923
0.5245
0.5174
0.4792
0.4189
0.3429
0.4013
0.4661
0.3872
0.3409
0.3263
0.3163
0.3052
0.3233
0.2911
0.3113
0.3887
0.3198
0.3092
0.3339
0.2328
0.3495
0.3223
0.3223
0.2801
0.2278
0.2841
0.3163
0.3057
0.2896
0.3289
0.3168
0.2554
0.3153
0.3379
0.3243
0.3998
0.3681
0.3253
0.2725
0.2238
0.3022
0.2233
0.1840
0.1860
0.1589
0.2217
0.2358
0.1730
0.2841
0.2846
0.2524
0.2167
0.2228
0.2057
0.2041
0.2228
0.2057
0.2147
0.2836
0.2730
0.2720
0.3173
0.2766
0.2238
0.2393
0.2816
0.2399
0.2705
0.3173
0.2333
0.2449
0.2328
0.2454
0.2967
0.3570
0.3052
0.3113
0.3339
0.3439
0.3057
0.3625
0.3213
0.3419
0.3253
0.3686
0.3148
0.3052
0.3419
0.3485
0.4696
0.4852
0.4666
0.3892
0.4163
0.4123
0.4214
0.3862
0.3822
0.3676
0.3776
0.3847
0.4269
0.3912
0.4048
0.2891
0.2539
0.2187
0.1926
0.2137
0.2836
0.3042
0.3520
0.3776
0.3082
0.2383
0.2399
0.2499
0.2258
0.2393
0.2932
0.3309
0.3304
0.2730
0.3590
0.3077
0.2911
0.2987
0.2730
0.2756
0.2866
0.3811
0.3128
0.2630
0.3324
0.3595
0.3188
0.2891
0.2233
0.1855
0.2404
0.2801
0.3012
0.2710
0.2419
0.2610
0.3822
0.3666
0.4093
0.3776
0.3635
0.3324
0.3082
0.3329
0.3625
0.3746
0.3711
0.3490
0.3213
0.2997
0.3278
0.2740
0.3510
0.3007
0.2987
0.2725
0.2444
0.2313
0.2454
0.2429
0.2745
0.2750
0.1810
0.2916
0.3399
0.3465
0.4370
0.4078
0.3102
0.2937
0.2368
0.2816
0.2590
0.2957
0.3198
0.2569
0.2625
0.2564
0.2414
0.2192
0.2348
0.2238
0.2383
0.3128
0.3470
0.3630
0.3404
0.3686
0.4008
0.3595
0.4355
0.4707
0.4440
0.4033
0.4586
0.4888
0.4898
0.4360
0.4526
0.4410
0.5265
0.5491
0.5783
0.5793
0.5571
0.4983
0.4541
0.4103
0.4003
0.3927
0.4073
0.4702
0.4425
0.4993
0.4852
0.4727
0.5199
0.5023
0.4883
0.4993
0.5305
0.5315
0.5335
0.4812
0.5038
0.4264
0.4430
0.4661
0.4309
0.4254
0.4837
0.4536
0.4329
0.3932
0.4189
0.4143
0.4279
0.3796
0.4515
0.3977
0.4103
0.5048
0.5340
0.5642
0.5466
0.5546
0.5501
0.5561
0.5712
0.4772
0.4822
0.5476
0.4264
0.3907
0.3625
0.3424
0.3630
0.3193
0.3525
0.3555
0.3595
0.3168
0.3932
0.3957
0.3776
0.3324
0.3289
0.3711
0.3887
0.4988
0.5179
0.4707
0.4852
0.4651
0.4410
0.4732
0.4571
0.3962
0.3872
0.3072
0.3309
0.4038
0.4259
0.4757
0.5330
0.4702
0.4747
0.5335
0.5109
0.4103
0.3560
0.3052
0.2891
0.4138
0.3485
0.3208
0.3630
0.4269
0.4148
0.4339
0.4490
0.4073
0.3852
0.4324
0.4591
0.4978
0.4978
0.4943
0.4189
0.3233
0.3525
0.4309
0.4470
0.4033
0.3942
0.3867
0.4234
0.3977
0.4098
0.3485
0.3630
0.3817
0.3686
0.3444
0.3711
0.3817
0.4279
0.4118
0.4108
0.4209
0.3847
0.4546
0.4526
0.5054
0.4490
0.4073
0.3957
0.4515
0.4194
0.4224
0.4174
0.4148
0.3072
0.3424
0.3485
0.3198
0.3942
0.3555
0.3791
0.4073
0.3756
0.3726
0.3585
0.3379
0.3962
0.3580
0.3801
0.3329
0.2886
0.2846
0.2866
0.3042
0.3942
0.4184
0.3942
0.3641
0.4058
0.3635
0.4073
0.3962
0.3872
0.4747
0.4797
0.4827
0.4842
0.4666
0.3867
0.3817
0.3756
0.3329
0.3610
0.3118
0.2182
0.2217
0.3002
0.2725
0.2429
0.3153
0.2740
0.3299
0.4003
0.3485
0.3535
0.3882
0.4561
0.4118
0.3998
0.3897
0.3942
0.3852
0.4033
0.4339
0.4651
0.3847
0.4239
0.3982
0.3570
0.4013
0.4008
0.3610
0.3404
0.3128
0.3263
0.4103
0.4520
0.4078
0.4279
0.3912
0.3726
0.3801
0.4083
0.3862
0.4561
0.5013
0.4666
0.4500
0.4289
0.4450
0.5295
0.4571
0.4209
0.4169
0.4254
0.3882
0.4038
0.4143
0.4224
0.4616
0.4480
0.4148
0.3490
0.3525
0.3123
0.2067
0.2569
0.2952
0.3022
0.3701
0.2615
0.3404
0.3656
0.4078
0.3756
0.4259
0.3047
0.4143
0.3801
0.3545
0.3243
0.3560
0.3580
0.4334
0.4777
0.3847
0.2836
0.2383
0.3027
0.3183
0.3309
0.3485
0.3419
0.3128
0.2725
0.3067
0.2987
0.3027
0.3721
0.3917
0.3847
0.3475
0.3198
0.3827
0.3223
0.3555
0.3148
0.3057
0.3329
0.3701
0.3696
0.3887
0.3706
0.3796
0.4073
0.3957
0.3449
0.4551
0.4852
0.5069
0.4068
0.4294
0.4224
0.4068
0.3635
0.3113
0.3128
0.3676
0.2750
0.3289
0.3153
0.2640
0.3510
0.4174
0.3822
0.3982
0.4108
0.4294
0.4023
0.3605
0.3399
0.3032
0.2856
0.2730
0.2856
0.2942
0.3635
0.2997
0.2610
0.2569
0.2610
0.2660
0.3007
0.2419
0.3258
0.3867
0.3585
0.3057
0.3002
0.3258
0.3143
0.2836
0.2590
0.2750
0.2313
0.2439
0.3153
0.2655
0.3630
0.2781
0.3822
0.3872
0.4118
0.4631
0.4395
0.3982
0.2937
0.2474
0.2424
0.2836
0.2187
0.2429
0.3253
0.3123
0.3032
0.2750
0.2142
0.2916
0.2449
0.2424
0.3143
0.3148
0.3369
0.3208
0.3625
0.3540
0.3022
0.3907
0.3314
0.3822
0.3444
0.3696
0.3776
0.3731
0.3817
0.3771
0.3731
0.3173
0.3394
0.3449
0.3052
0.3263
0.3540
0.4098
0.3766
0.3942
0.3882
0.4209
0.4174
0.4138
0.4329
0.3957
0.4812
0.4918
0.4616
0.4244
0.3892
0.3897
0.3615
0.3309
0.3595
0.4108
0.4410
0.4324
0.4450
0.4888
0.4883
0.4244
0.4395
0.4103
0.3977
0.3771
0.3847
0.3987
0.4098
0.3882
0.3907
0.3726
0.3590
0.2957
0.2710
0.2610
0.3118
0.3565
0.3128
0.2942
0.3022
0.3047
0.2127
0.2378
0.2378
0.3329
0.3595
0.2871
0.3485
0.4048
0.3827
0.3681
0.4480
0.4169
0.3907
0.3218
0.3630
0.3822
0.3887
0.3595
0.3907
0.3822
0.4425
0.4123
0.4324
0.3711
0.4219
0.3756
0.3932
0.3092
0.3560
0.3359
0.3324
0.3490
0.3731
0.4028
0.4772
0.4033
0.3379
0.3540
0.3781
0.3409
0.3892
0.3595
0.3077
0.2896
0.2640
0.2559
0.2519
0.3092
0.3766
0.3077
0.3520
0.3429
0.4123
0.3771
0.3635
0.3309
0.4515
0.3756
0.4163
0.3801
0.3007
0.3032
0.3092
0.3022
0.3163
0.3148
0.3374
0.3439
0.3681
0.3867
0.2750
0.2846
0.2192
0.2554
0.2172
0.2097
0.2499
0.2358
0.2127
0.1871
0.2514
0.3218
0.2258
0.3218
0.2886
0.3183
0.3072
0.3102
0.3007
0.2635
0.2258
0.2580
0.2524
0.2147
0.3278
0.3887
0.3711
0.3666
0.3776
0.2997
0.2615
0.2650
0.3324
0.3822
0.3444
0.3173
0.3796
0.3746
0.3917
0.3625
0.3741
0.4128
0.4842
0.4003
0.3374
0.3339
0.3711
0.3349
0.2896
0.2217
0.1936
0.1700
0.1322
0.1368
0.2253
0.2072
0.1715
0.2414
0.2911
0.2323
0.3057
0.3314
0.2957
0.2057
0.0865
0.1654
0.1815
0.1755
0.1785
0.2137
0.2605
0.2745
0.2750
0.2756
0.2238
0.2353
0.2353
0.2982
0.3771
0.3198
0.2263
0.2600
0.3168
0.2750
0.2957
0.3656
0.3218
0.3309
0.3907
0.3283
0.3047
0.2554
0.1544
0.1544
0.1312
0.2197
0.2323
0.2021
0.1483
0.1041
0.1167
0.1765
0.2439
0.3148
0.2625
0.2997
0.3465
0.2866
0.2957
0.2147
0.2414
0.2821
0.2710
0.2720
0.2615
0.3198
0.3827
0.3118
0.3449
0.2856
0.2424
0.1961
0.1961
0.2685
0.3042
0.2630
0.2353
0.1493
0.1483
0.2781
0.2781
0.2675
0.2469
0.2655
0.2997
0.3153
0.2650
0.2771
0.3299
0.3263
0.3369
0.2997
0.2826
0.2167
0.2097
0.2926
0.3198
0.3198
0.3077
0.3847
0.2705
0.2630
0.3092
0.2791
0.2564
0.2821
0.2720
0.2720
0.2937
0.2891
0.3173
0.2866
0.2524
0.2580
0.2197
0.2147
0.2182
0.2952
0.2585
0.3072
0.3329
0.3193
0.3394
0.3339
0.3102
0.3123
0.2816
0.2172
0.2740
0.2756
0.1896
0.2439
0.2383
0.2399
0.3027
0.3258
0.3253
0.3334
0.3721
0.3475
0.3822
0.3957
0.3661
0.3565
0.2932
0.3092
0.3429
0.3796
0.4495
0.3641
0.3605
0.3515
0.3731
0.4038
0.3399
0.3253
0.3113
0.2826
0.3123
0.3042
0.2756
0.2424
0.2182
0.2112
0.1845
0.2841
0.2494
0.3097
0.3324
0.3912
0.4259
0.3776
0.4696
0.4641
0.4148
0.3927
0.4058
0.3625
0.4033
0.4269
0.4606
0.4163
0.4334
0.3967
0.3987
0.4526
0.4194
0.4153
0.4445
0.4350
0.3942
0.4189
0.3711
0.3811
0.4395
0.4309
0.4767
0.4259
0.4510
0.4596
0.4908
0.4792
0.4707
0.4581
0.4234
0.4480
0.4169
0.3817
0.4068
0.4475
0.4148
0.4561
0.4536
0.5129
0.5079
0.4933
0.5657
0.5144
0.4651
0.4068
0.3540
0.4083
0.4284
0.4324
0.4284
0.3796
0.3731
0.4013
0.3701
0.4103
0.3545
0.3143
0.2937
0.3641
0.4269
0.4837
0.5597
0.5737
0.5823
0.6125
0.5592
0.5214
0.5868
0.5622
0.5662
0.4782
0.4898
0.4993
0.4450
0.4234
0.4822
0.5154
0.5079
0.5144
0.4526
0.5048
0.4888
0.4782
0.5023
0.5094
0.4837
0.4309
0.4767
0.4918
0.5003
0.4938
0.5033
0.5521
0.5476
0.5421
0.5280
0.4767
0.4772
0.4174
0.4450
0.4350
0.4375
0.3540
0.4189
0.4153
0.4445
0.4656
0.4933
0.3852
0.4194
0.3741
0.4038
0.4048
0.4244
0.4189
0.4470
0.4888
0.5305
0.5612
0.5652
0.5028
0.5079
0.5350
0.6190
0.6502
0.5888
0.6783
0.6939
0.6426
0.6889
0.6703
0.6597
0.6381
0.6321
0.5843
0.5913
0.5451
0.5511
0.5350
0.4696
0.5059
0.5541
0.5365
0.5033
0.4993
0.5380
0.5898
0.5194
0.5235
0.5561
0.5174
0.4561
0.5219
0.5033
0.4123
0.4214
0.3847
0.4641
0.5219
0.4908
0.5023
0.4661
0.4289
0.4219
0.4279
0.4309
0.5189
0.4993
0.5918
0.6180
0.6190
0.5959
0.4475
0.4465
0.4450
0.5094
0.5657
0.5240
0.5164
0.5084
0.5546
0.4968
0.5360
0.5964
0.6009
0.5823
0.6215
0.6094
0.6220
0.6079
0.5144
0.4978
0.4209
0.5657
0.5662
0.6431
0.6024
0.5305
0.5637
0.5863
0.5923
0.6411
0.6029
0.6783
0.7055
0.6824
0.6869
0.7105
0.6436
0.6155
0.6758
0.6396
0.7181
0.6683
0.6643
0.6607
0.6285
0.5923
0.5979
0.6643
0.5783
0.4696
0.5587
0.5290
0.5607
0.5008
0.4847
0.5607
0.5964
0.5571
0.5707
0.4968
0.5888
0.5964
0.6120
0.6125
0.6109
0.5803
0.5798
0.5969
0.6009
0.5939
0.6306
0.5426
0.5692
0.5285
0.4757
0.4244
0.4732
0.5496
0.6296
0.6150
0.6145
0.6451
0.6643
0.5989
0.5913
0.4913
0.4702
0.5471
0.5330
0.5732
0.5516
0.5451
0.5310
0.5411
0.6125
0.6542
0.7694
0.7321
0.6497
0.6617
0.6793
0.6099
0.6004
0.5994
0.6562
0.5918
0.5979
0.6321
0.6165
0.5094
0.5149
0.5395
0.5260
0.5048
0.5209
0.5340
0.5622
0.5124
0.5582
0.5712
0.5913
0.5657
0.5758
0.6074
0.5511
0.6200
0.6084
0.6094
0.6421
0.6341
0.6492
0.6401
0.6653
0.6728
0.6477
0.6703
0.6663
0.6643
0.7799
0.7382
0.7155
0.7432
0.7643
0.6306
0.6165
0.6366
0.5989
0.6451
0.6376
0.6839
0.6643
0.5773
0.6074
0.6819
0.6758
0.7125
0.7286
0.6688
0.6663
0.6527
0.6844
0.7296
0.7844
0.7714
0.7754
0.8553
0.7734
0.8171
0.7553
0.7085
0.6748
0.6497
0.6617
0.7010
0.6899
0.7432
0.7638
0.7477
0.7357
0.7251
0.7181
0.7643
0.7296
0.6562
0.6773
0.6527
0.6109
0.6431
0.5722
0.5918
0.5853
0.5722
0.5612
0.5421
0.5496
0.6079
0.6099
0.5994
0.6135
0.6336
0.6612
0.5843
0.5818
0.5768
0.6170
0.6482
0.6542
0.6637
0.6713
0.7216
0.6824
0.6854
0.6245
0.6653
0.6829
0.6663
0.6421
0.6959
0.7080
0.7040
0.6914
0.7155
0.7759
0.8081
0.7477
0.7553
0.6984
0.7271
0.7100
0.7704
0.7402
0.7402
0.7925
0.7794
0.8005
0.7432
0.7105
0.6959
0.6964
0.6542
0.6537
0.6321
0.6482
0.6386
0.6622
0.5898
0.5843
0.6120
0.6306
0.6356
0.7135
0.7316
0.7336
0.6703
0.6678
0.7291
0.7402
0.6356
0.6824
0.6864
0.7638
0.7362
0.7261
0.7613
0.8196
0.7880
0.7241
0.7060
0.6663
0.6542
0.6009
0.6356
0.6502
0.6522
0.6849
0.6889
0.6688
0.6658
0.6713
0.6467
0.6592
0.7236
0.6517
0.6522
0.6210
0.6808
0.6542
0.6869
0.6366
0.6612
0.6396
0.6215
0.6607
0.6708
0.6773
0.7668
0.7176
0.7331
0.8091
0.7171
0.6909
0.6914
0.7145
0.7100
0.6844
0.6562
0.6874
0.6909
0.7658
0.7688
0.7171
0.6798
0.6401
0.6336
0.6497
0.7055
0.6291
0.6864
0.6783
0.7040
0.6919
0.6597
0.6366
0.6311
0.6587
0.6467
0.7135
0.7196
0.7362
0.6421
0.5707
0.5934
0.5863
0.5828
0.6215
0.6296
0.6245
0.6120
0.5908
0.6265
0.6024
0.5823
0.6331
0.6396
0.6426
0.6562
0.6135
0.5375
0.5793
0.6291
0.6567
0.7206
0.6421
0.6773
0.6617
0.6693
0.6738
0.6819
0.6622
0.6934
0.7150
0.7221
0.6844
0.6130
0.6562
0.6130
0.7075
0.6839
0.6562
0.7181
0.7135
0.6668
0.6849
0.6552
0.6341
0.5954
0.5913
0.6064
0.6607
0.6497
0.6497
0.6728
0.6240
0.6527
0.6321
0.5747
0.6245
0.5913
0.5752
0.6165
0.6451
0.6386
0.6104
0.6824
0.7482
0.6939
0.6632
0.6819
0.6959
0.6125
0.6120
0.6120
0.6004
0.5400
0.5375
0.6296
0.5828
0.5908
0.6165
0.6899
0.7226
0.7176
0.7120
0.7407
0.7412
0.7608
0.7563
0.6778
0.7050
0.6919
0.7035
0.7447
0.7864
0.7643
0.6824
0.6969
0.6220
0.7050
0.7236
0.7171
0.6783
0.7155
0.6889
0.6064
0.6291
0.6562
0.7392
0.6969
0.7191
0.6803
0.7165
0.7221
0.7482
0.7352
0.7362
0.7251
0.7296
0.7216
0.6738
0.7105
0.6537
0.6517
0.6527
0.6225
0.6693
0.6120
0.6431
0.6245
0.6411
0.5918
0.6386
0.6738
0.7105
0.7080
0.6824
0.6658
0.7055
0.7145
0.7633
0.8835
0.7940
0.7271
0.6763
0.6914
0.7040
0.7538
0.7492
0.7985
0.7633
0.7251
0.7477
0.7452
0.7563
0.7402
0.7507
0.6617
0.6708
0.7296
0.7543
0.7291
0.7296
0.6683
0.6215
0.6190
0.6175
0.6607
0.7754
0.7774
0.7774
0.7130
0.7095
0.6411
0.6130
0.6235
0.6632
0.6924
0.6844
0.6959
0.7080
0.6819
0.6964
0.7171
0.7015
0.7412
0.7638
0.7568
0.6728
0.6793
0.6733
0.6567
0.6456
0.6597
0.6678
0.6411
0.6979
0.7181
0.7125
0.6552
0.6979
0.6658
0.6517
0.6824
0.6949
0.7829
0.6864
0.7105
0.6849
0.7286
0.7306
0.6592
0.6587
0.6577
0.6356
0.6824
0.6748
0.6798
0.7150
0.6783
0.7150
0.6567
0.6778
0.6934
0.6703
0.6150
0.6245
0.6949
0.7065
0.7447
0.7105
0.6004
0.6029
0.6165
0.6899
0.7336
0.7357
0.7774
0.7573
0.7100
0.7060
0.7563
0.7950
0.8242
0.7598
0.7432
0.7221
0.7261
0.7824
0.7900
0.7246
0.7382
0.7729
0.8076
0.7995
0.7422
0.6979
0.6336
0.6899
0.6607
0.6909
0.6497
0.6522
0.7261
0.7412
0.7492
0.6622
0.6270
0.6451
0.7523
0.7497
0.7553
0.7714
0.7321
0.7130
0.7407
0.7523
0.7799
0.7678
0.7729
0.7226
0.6939
0.6934
0.6728
0.6472
0.6064
0.6285
0.6658
0.7155
0.7331
0.7864
0.8076
0.8136
0.7518
0.7799
0.7694
0.8156
0.7623
0.7035
0.8272
0.8790
0.8568
0.8362
0.8533
0.8247
0.8020
0.7553
0.7809
0.8337
0.8332
0.7875
0.7321
0.7648
0.7020
0.6587
0.6668
0.6426
0.6451
0.5934
0.6306
0.6984
0.6979
0.7608
0.7135
0.7306
0.6995
0.6894
0.6577
0.6894
0.6793
0.7055
0.7437
0.7015
0.7412
0.7658
0.7593
0.7854
0.7724
0.7960
0.7704
0.7100
0.7261
0.7392
0.7281
0.7729
0.7965
0.7804
0.7477
0.7573
0.7834
0.7296
0.6783
0.6728
0.6995
0.7176
0.7216
0.7150
0.6039
0.6467
0.6693
0.7065
0.6728
0.6889
0.7130
0.7181
0.7432
0.8166
0.8614
0.7980
0.7714
0.7110
0.6758
0.6170
0.6778
0.7035
0.8166
0.7754
0.7341
0.7563
0.7412
0.7296
0.7422
0.7311
0.7196
0.7246
0.6738
0.6909
0.7236
0.7266
0.6969
0.6738
0.7110
0.6653
0.6844
0.6969
0.7704
0.6577
0.7528
0.6738
0.6783
0.7362
0.6924
0.7362
0.7055
0.6803
0.6753
0.7548
0.7392
0.7704
0.7502
0.8121
0.8473
0.8287
0.7854
0.7945
0.8020
0.7844
0.8533
0.8568
0.8146
0.7206
0.7352
0.7150
0.8171
0.8272
0.8061
0.8739
0.8181
0.8297
0.7739
0.8176
0.8523
0.7704
0.7518
0.7251
0.7392
0.7171
0.6773
0.7246
0.7694
0.8463
0.8719
0.9348
0.8739
0.8508
0.8111
0.7935
0.8755
0.8191
0.8081
0.7588
0.7321
0.7241
0.8131
0.8131
0.8156
0.7844
0.7311
0.8056
0.8518
0.7900
0.7870
0.7754
0.8076
0.7683
0.6658
0.6728
0.6668
0.6220
0.6819
0.6542
0.6944
0.6643
0.7447
0.7754
0.8292
0.8156
0.7854
0.7482
0.7145
0.6758
0.6713
0.7633
0.8091
0.7246
0.7181
0.7970
0.7714
0.8171
0.8594
0.8594
0.7970
0.8247
0.7920
0.8005
0.8880
0.8941
0.8438
0.8267
0.8423
0.7854
0.8051
0.7990
0.8362
0.8222
0.8216
0.7678
0.7900
0.7683
0.7593
0.6914
0.6803
0.7367
0.8121
0.7809
0.8664
0.8548
0.8785
0.7905
0.8719
0.8850
0.9217
0.9504
0.9599
0.8619
0.8086
0.7694
0.7935
0.8423
0.7950
0.8106
0.8136
0.8574
0.8604
0.8604
0.8408
0.8463
0.8604
0.8734
0.9016
0.8438
0.8478
0.8423
0.9418
0.8780
0.8247
0.7809
0.8121
0.7935
0.6944
0.7462
0.7864
0.7553
0.7925
0.8639
0.8634
0.8408
0.8785
0.9066
0.7794
0.7593
0.7316
0.7331
0.7241
0.7472
0.7357
0.7553
0.7834
0.8035
0.8081
0.8639
0.8850
0.8900
0.7990
0.8035
0.8091
0.7367
0.7482
0.7135
0.8151
0.8056
0.8478
0.8382
0.7945
0.7367
0.7683
0.8030
0.7538
0.6964
0.7915
0.8428
0.8156
0.8166
0.8292
0.8579
0.9433
0.9665
0.9086
0.9076
0.8760
0.8201
0.8317
0.8553
0.9107
0.8151
0.8684
0.8146
0.8171
0.8176
0.8287
0.9006
0.8825
0.8563
0.8780
0.8523
0.8780
0.8951
0.8669
0.9499
0.9489
0.9710
1.0394
0.9836
0.8568
0.8579
0.9031
0.9348
0.8855
0.9449
0.9132
0.9127
0.8785
0.8760
0.7759
0.7995
0.7834
0.7819
0.7925
0.7678
0.8242
0.9081
0.9403
0.8790
0.8639
0.8035
0.8604
0.7457
0.7427
0.7412
0.7613
0.8076
0.9172
0.8936
0.9066
0.8750
0.8392
0.9197
0.9690
0.9961
0.9107
0.8664
0.8664
0.8870
0.8905
0.9267
0.9016
0.9021
0.8382
0.8146
0.8689
0.8880
0.8086
0.8755
0.8614
0.9267
0.9222
0.8734
0.9147
0.9318
0.9378
0.8976
0.8563
0.9127
0.8991
0.8493
0.8936
0.9288
0.9544
0.9217
0.9499
0.9906
0.9383
0.9428
0.9127
0.7724
0.7427
0.7296
0.7648
0.8091
0.8438
0.8714
0.8679
0.8991
0.8900
0.8825
0.8870
0.8694
0.9107
0.8030
0.7985
0.8252
0.8362
0.8649
0.8322
0.8926
0.9162
0.9348
0.8332
0.8619
0.8845
0.8785
0.8533
0.8568
0.7623
0.8086
0.7694
0.7618
0.8166
0.8181
0.7663
0.7593
0.7945
0.8548
0.9534
0.8775
0.8830
0.8599
0.8926
0.8845
0.9122
0.9202
0.8850
0.8920
0.8423
0.8800
0.8639
0.8216
0.7553
0.7407
0.7502
0.8091
0.8659
0.8991
0.9202
0.8961
0.9519
0.9413
0.9318
0.9790
1.0459
1.0434
1.0198
1.0218
0.9619
0.9896
0.8750
0.8825
0.8574
0.8287
0.8714
0.8579
0.8790
0.8684
0.8760
0.8825
0.8880
0.8639
0.8518
0.9278
0.9433
0.9137
0.9318
0.9041
0.8624
0.8714
0.9343
0.9162
0.9242
0.9454
0.9459
0.9685
0.9107
0.8362
0.8010
0.8800
0.8986
0.9313
0.9685
0.9614
0.9685
1.0082
1.0137
1.0198
1.0223
0.9076
0.9288
0.8498
0.9061
0.8966
0.9614
0.8729
0.9343
0.9056
0.8755
0.8825
0.8669
0.9091
0.9599
0.9901
0.9801
0.9921
1.1083
1.0248
0.9755
1.0947
1.0374
1.0459
1.0223
0.9720
0.9172
0.8503
0.8755
0.9464
0.9454
0.9690
0.9207
0.9182
0.9685
0.9509
0.8765
0.8317
0.9368
1.0248
1.0158
0.9987
0.9645
0.9509
0.9197
0.9987
1.0605
1.0670
1.0590
1.0731
1.0313
0.9901
0.9368
0.9102
0.8976
0.8669
0.8035
0.8171
0.8714
0.8061
0.8734
0.8820
0.9091
0.8760
0.9162
0.9992
1.0092
0.9614
0.9801
0.9705
0.9031
0.8820
0.9403
0.8900
0.8634
0.8317
0.8498
0.8750
0.8604
0.8734
0.9227
0.8996
0.9112
0.8991
0.8171
0.9132
0.9011
0.8920
0.9323
0.9383
0.8760
0.9147
0.9554
1.0183
0.9247
0.9760
0.9378
0.9831
0.9750
1.0203
0.9916
0.9705
0.9006
0.8905
0.9056
1.0550
0.9951
0.9946
1.0489
1.0766
1.0022
0.9464
1.0836
1.1259
1.1229
1.0686
0.9635
0.9614
0.9997
0.9438
0.9670
0.8765
0.8734
0.8287
0.9031
0.8920
0.9061
0.8850
0.9222
0.9826
0.9418
0.9006
0.8387
0.8242
0.8337
0.8729
0.9227
0.9604
0.9806
0.9720
1.0183
0.9484
0.9589
0.8926
0.8850
1.0178
1.0107
1.0389
1.0047
0.9946
0.9413
0.9971
0.9971
0.9740
0.9569
0.9313
0.9383
0.9192
0.9474
0.9464
1.0223
1.0454
1.0972
1.1118
1.0500
0.9715
0.9338
1.0017
0.8920
0.9091
0.9076
0.8644
0.8865
0.9031
0.9438
0.9454
0.9459
0.9675
1.0268
0.9966
1.0153
0.9775
0.9705
1.0489
0.9614
0.9992
0.9338
0.9896
0.9801
0.8453
0.9755
1.0198
0.9916
1.0344
0.9690
0.9977
0.9635
0.9811
0.9519
0.8971
0.8890
0.9569
0.9660
0.9499
0.9690
0.9760
0.9252
0.9207
0.9172
1.0303
0.9801
0.9388
0.8991
0.9333
0.8523
0.8553
0.8669
0.8438
0.8382
0.8855
0.9232
0.7925
0.7246
0.8438
0.8056
0.8403
0.8377
0.8649
0.8222
0.7880
0.7648
0.7734
0.7221
0.7779
0.7678
0.7688
0.7940
0.7784
0.8408
0.8262
0.7824
0.7920
0.7678
0.8015
0.7518
0.7251
0.7704
0.8574
0.9132
0.8900
0.8936
0.9278
0.9625
0.9484
0.8619
0.8312
0.8805
0.8453
0.8689
0.8589
0.8272
0.8895
0.9775
0.9705
0.9951
0.9846
0.9323
0.9464
0.9997
1.0394
1.0173
0.9780
0.9806
0.9931
1.0233
1.0273
0.9333
0.9670
0.9740
1.0198
0.9378
0.9288
0.9031
0.9247
0.9278
0.9036
0.9132
0.9640
0.9599
0.9675
0.9107
0.9403
1.0012
0.9031
0.9665
0.8976
0.8986
0.8156
0.7864
0.7296
0.8156
0.8267
0.8136
0.7724
0.7623
0.7890
0.8473
0.8825
0.8563
0.9006
0.8694
0.8664
0.8357
0.7573
0.7714
0.7834
0.8247
0.8010
0.7950
0.8005
0.8594
0.8800
0.8850
0.8694
0.8357
0.7779
0.8307
0.8493
0.8639
0.9046
0.9252
0.9308
0.9690
0.9197
0.9378
0.9298
0.8915
0.9252
0.8890
0.8171
0.7764
0.8086
0.7990
0.8151
0.8483
0.8508
0.8659
0.8428
0.8146
0.8382
0.8227
0.8206
0.9273
0.9232
0.9273
0.8905
0.9056
0.8719
0.9011
0.8900
0.8739
0.8503
0.8101
0.8865
0.8377
0.8438
0.8478
0.9252
0.8986
0.8785
0.8242
0.8428
0.9222
0.8951
0.8991
0.8267
0.8247
0.8760
0.8518
0.9076
0.8850
0.8040
0.7764
0.7779
0.8624
0.8176
0.8508
0.8533
0.9298
0.9554
0.9846
0.9112
0.8880
0.8800
0.8971
0.8709
0.9006
0.9323
0.9574
0.9971
1.0062
1.0127
0.9836
1.0087
0.9906
1.0439
1.0318
0.9896
0.9876
0.9252
0.9313
0.9871
0.9780
0.9273
0.9408
0.9227
0.9066
0.9172
0.9031
0.8719
0.9021
0.8800
0.8659
0.8649
0.9695
0.9313
0.9147
0.9665
0.9489
0.9594
0.9569
0.9760
0.9564
0.9851
0.8604
0.9127
0.8166
0.8191
0.8498
0.8423
0.8272
0.8347
0.8216
0.8619
0.7990
0.8146
0.7945
0.7794
0.8739
0.8825
0.8669
0.8433
0.8895
0.8961
0.8548
0.8870
0.8875
0.8382
0.8760
0.8709
0.8156
0.8171
0.8287
0.8679
0.8337
0.8408
0.8051
0.8287
0.9011
0.9122
0.8880
0.8920
0.8639
0.8428
0.9006
0.9438
0.9454
0.9459
0.9564
0.9217
0.8644
0.8845
0.9122
0.9107
0.8679
0.8739
0.8714
0.9107
0.8996
0.8900
0.9574
0.9760
1.0092
1.0253
0.9740
0.9665
0.9197
0.9343
0.9278
0.9197
0.9273
1.0047
0.8966
0.8870
0.8825
0.8649
0.8639
0.8548
0.8458
0.9343
0.8951
0.9172
0.8941
0.9172
0.9021
0.8297
0.8272
0.8066
0.8216
0.8201
0.8201
0.7985
0.8342
0.8946
0.8971
0.8664
0.8337
0.8624
0.8604
0.8604
0.8619
0.8518
0.8946
0.9288
0.8915
0.8292
0.8805
0.8448
0.9076
0.9061
0.9579
0.9459
0.9358
0.9267
0.9308
0.9132
0.8568
0.8066
0.8196
0.7678
0.7050
0.7970
0.8126
0.8131
0.8679
0.8453
0.8694
0.8579
0.9091
0.9730
0.9333
0.9383
0.9509
0.9599
0.9765
1.0127
0.9740
0.9775
0.9806
0.9614
0.8926
0.8760
0.8709
0.9428
0.9217
0.9383
0.9831
0.9086
0.9338
0.9247
0.9428
1.0047
0.9579
0.9775
0.9579
0.9343
0.9916
0.9906
0.9801
0.9393
0.9202
0.9152
0.9016
0.8403
0.8543
0.8563
0.8171
0.8176
0.8800
0.9192
0.9157
0.9127
0.9308
0.9031
0.9252
0.9720
0.9549
0.9831
0.9217
0.8739
0.9137
0.9529
0.9207
0.8951
0.8870
0.9338
0.9474
0.9906
0.9157
0.9222
0.8850
0.8473
0.9348
0.9499
0.9906
0.9157
0.8704
0.9438
0.9645
0.8961
0.8574
0.8785
0.8865
0.8996
0.9107
0.8775
0.8307
0.8915
0.8830
0.9091
0.8589
0.8292
0.8357
0.8951
0.8649
0.8227
0.8750
0.9036
0.9343
0.8734
0.8594
0.8508
0.8639
0.8518
0.8986
0.8563
0.9534
0.9509
0.9710
0.9202
0.8664
0.8528
0.8347
0.8714
0.8926
0.8946
0.9509
0.8951
0.9524
0.9172
0.8498
0.8428
0.8996
0.8272
0.9293
0.9987
1.0278
0.9645
1.0137
0.9871
0.9926
0.9489
0.8946
0.9826
1.0173
1.0525
1.0570
1.0615
1.0857
1.0620
1.1183
1.0429
1.0409
0.9946
0.9509
0.9388
0.8890
0.8714
0.8900
0.9041
0.9036
0.9906
0.9695
0.9323
0.9780
0.9066
0.8850
0.9544
0.9519
0.9504
0.9066
0.9056
0.8850
0.8785
0.8845
0.9107
0.8875
0.8800
0.9066
0.9172
0.9871
0.9710
0.9861
0.9660
0.9730
0.9227
0.9710
0.9755
1.0012
0.9318
0.9267
0.8780
0.8951
0.8659
0.8865
0.9091
0.8760
0.9247
0.9207
0.9695
0.9946
0.9961
1.0042
1.0555
0.9931
0.9504
0.9509
0.8850
0.9112
0.8991
0.8458
0.8614
0.8387
0.8438
0.9127
0.9107
0.9403
0.9856
0.9760
0.9358
0.9177
1.0092
1.0268
1.0173
0.9675
0.9836
1.0479
1.0645
1.1183
1.0650
1.0464
0.9368
0.9906
0.9172
0.9358
1.0017
0.9765
1.0112
1.0273
1.0484
1.0127
1.0268
1.0268
1.0163
1.0107
1.0575
1.0615
1.0645
1.0645
1.1088
1.1108
1.0595
0.9760
0.9499
0.9574
0.9549
0.9755
0.9247
0.9091
0.9705
0.9438
0.9438
0.9428
0.9755
0.9670
1.0686
1.1324
1.1500
1.0670
1.0042
0.9896
0.9685
0.9544
0.9710
0.9544
0.9524
0.9604
0.9247
0.9941
0.9504
0.8966
0.9091
0.8880
0.9177
1.0092
0.9614
0.9574
0.9549
1.0062
0.9806
1.0147
1.0203
0.9906
1.0107
0.9107
0.9519
0.9293
0.9313
0.9036
0.8825
0.9428
0.9720
0.9660
1.0112
1.0062
0.9589
1.0193
0.9574
0.8915
0.9056
0.9363
0.9288
0.9202
0.9182
0.9232
0.9519
0.9921
0.9579
0.9665
0.9509
0.9926
0.9594
0.9670
0.9801
0.9811
0.9197
0.9363
0.9403
0.8880
0.9433
0.8709
0.9006
0.9122
0.9403
1.0389
0.9931
0.9604
1.0087
1.0248
1.0042
1.0022
1.0721
1.0615
1.0112
1.0208
1.0640
1.0560
1.0816
0.9846
0.9735
0.9036
0.9785
0.9705
0.9735
0.9247
0.9192
0.9685
1.0484
1.0429
1.0605
0.9896
0.9670
1.0153
0.9977
0.9665
0.8976
0.8991
0.8895
0.9036
0.9232
0.8986
0.9625
0.9891
1.0324
1.0208
1.0545
0.9755
1.0932
1.0369
1.0439
1.0394
0.9846
1.0183
1.0414
1.0484
1.1033
1.0857
1.1455
1.0505
1.0570
1.0293
1.0313
1.0313
1.0625
1.0645
1.0872
1.0303
1.0942
1.0691
1.0897
1.0535
1.0575
1.0615
1.0223
1.0877
1.0670
1.0902
1.0640
1.0349
1.0645
1.0555
0.9750
0.9785
1.0117
1.0278
1.0389
1.0273
1.1128
1.0696
1.0590
1.0942
1.0570
1.0394
0.9836
0.9966
1.0590
1.0892
1.0525
1.0464
1.0223
1.0776
1.0117
1.0706
1.0278
0.9951
1.0263
1.0696
1.0273
1.0384
1.0364
1.0570
1.0500
1.0459
1.0932
1.1626
1.0434
1.0344
0.9901
0.9901
1.0092
1.0364
0.9906
1.0017
1.0615
1.0324
1.0635
1.1621
1.1701
1.0711
1.0394
1.0897
1.1183
1.0952
1.0590
1.0942
1.0555
1.1017
1.1344
1.0972
1.1339
1.1405
1.1862
1.1581
1.1480
1.1173
1.1173
1.1490
1.2038
1.1716
1.1691
1.1128
1.0716
1.0615
1.0414
1.0163
0.9896
0.9358
0.9811
1.0243
1.0781
1.0660
1.0243
0.9640
0.9599
0.9665
0.9604
1.0414
1.0173
0.9881
0.9780
0.9906
0.9906
0.9790
1.0560
1.0706
1.0706
1.0489
1.0253
1.0263
1.0173
0.9987
0.9946
1.0364
1.0877
1.1048
1.0967
1.0479
1.0746
1.0640
1.0449
1.0419
0.9760
0.9896
1.0313
1.0303
0.9881
0.9971
1.0183
1.0736
1.0811
1.1012
1.0293
1.0082
1.0575
1.0268
0.9755
0.9901
0.9977
0.9433
0.9650
0.9821
1.0158
1.0087
1.0449
1.0525
1.0137
0.9454
0.9574
0.9112
0.9207
0.9685
0.9524
0.9931
0.9921
1.0339
1.0439
1.0404
1.0907
1.0454
1.0615
1.0007
1.0404
1.0595
1.0404
1.0706
1.1440
0.9992
1.0600
1.0952
1.0897
1.0686
1.0801
1.0781
1.0459
0.9987
0.9966
1.0158
1.0087
1.0344
1.0117
0.9529
0.8966
0.9091
0.9710
0.9544
0.9413
0.8780
0.9262
1.0062
0.9901
1.0067
1.0459
0.9660
0.9846
0.9851
1.0288
0.9951
1.0042
1.0419
1.0590
1.0318
0.9790
0.9594
1.0932
1.0459
1.0404
1.0067
0.9806
0.9388
0.9313
0.9665
1.0439
1.0288
1.0947
1.0132
1.0394
1.0801
1.0560
1.0500
1.0761
1.0645
1.0248
1.0691
1.0786
1.1093
1.0676
1.0364
1.1088
1.0786
1.0766
1.0857
1.1792
1.0902
1.1048
1.1178
1.0645
1.0137
1.0595
1.0741
1.0183
0.9690
1.0042
1.0334
0.9896
1.0082
1.0248
1.0268
1.0595
0.9549
0.9645
0.9368
0.8951
0.9177
0.9881
1.0318
1.0193
1.0429
0.9987
0.9740
0.9665
1.0253
1.0464
0.9997
0.9645
1.0132
1.0479
1.0012
0.9966
1.0263
0.9645
0.9690
0.9625
1.0369
1.0349
0.9599
0.8785
0.9152
0.8820
0.9393
1.0137
1.0178
1.0741
1.0530
1.1002
1.0600
1.0107
0.9730
1.0404
1.0474
1.0525
1.0158
1.0836
1.0183
1.0439
1.0183
0.9785
0.9695
1.0067
0.9489
0.9690
0.9081
0.9182
1.0303
1.0293
0.9665
0.9619
0.9031
0.9670
1.0359
1.0012
0.9650
0.9388
0.8870
0.9740
0.9660
0.9695
0.9846
0.9217
0.9821
0.9182
0.9247
0.9182
0.9152
0.9438
1.0178
1.0303
1.1043
1.0857
1.1038
1.1480
1.1817
1.1862
1.2109
1.0389
1.0248
0.9413
0.9202
0.9157
0.9318
0.9670
0.9836
1.0268
0.9851
0.9418
0.9529
1.0349
1.0324
0.9992
1.0816
1.0907
1.1274
1.1455
1.1385
1.1525
1.0947
1.0147
1.0082
1.0223
0.9715
1.0077
1.0233
1.0882
1.1158
1.1571
1.1877
1.1490
1.0761
1.1078
1.1395
1.1777
1.1294
1.1556
1.1978
1.1118
1.0419
1.1033
1.0414
1.0620
0.9474
0.9665
0.9509
1.0022
1.0510
1.0550
1.1128
1.1877
1.1998
1.2315
1.1711
1.1138
1.1344
1.1289
1.0927
1.0349
0.9288
0.9016
0.9640
1.0127
0.9428
0.9755
0.9549
1.0158
0.9971
1.0268
1.0369
1.0992
1.0605
1.0409
1.0394
1.0897
1.0635
1.0761
1.0117
1.0570
1.0711
1.0017
1.0193
0.9690
1.0047
0.9775
0.9383
0.9162
0.9574
1.0173
1.0429
1.0062
1.0429
1.0198
1.0203
1.0127
1.0369
0.9931
1.0872
1.0505
1.0137
1.0364
0.9916
0.8961
0.8976
0.9091
1.0550
1.0691
1.1224
1.0987
1.0500
1.0032
1.0721
1.1234
1.1415
1.1887
1.1279
1.1017
1.0625
1.0756
1.0746
1.1802
1.1852
1.1882
1.1923
1.0741
1.0434
1.0600
1.1269
1.1445
1.1686
1.1767
1.1812
1.1319
1.1485
1.2043
1.1068
1.1068
1.0882
1.1269
1.1440
1.1259
1.1244
1.0580
1.0520
1.0233
1.0243
1.1093
1.0590
1.0716
1.0505
1.0545
1.0806
1.0997
1.0927
1.0650
1.0555
1.0605
1.0505
1.1199
1.2250
1.2048
1.0972
1.0791
1.0454
1.0731
1.0831
1.0464
1.0852
1.0389
1.0042
1.0112
1.0037
0.9363
0.9801
1.0459
1.0721
1.1138
1.1038
1.0434
1.0711
1.1988
1.1440
0.9614
0.9685
0.9821
1.0479
1.0007
1.0384
1.0791
1.0243
0.9831
1.0575
1.0590
1.1173
1.0852
1.0691
1.1344
1.0746
1.0645
1.0535
1.0163
0.9564
0.9403
1.0248
1.0364
1.0223
1.0665
1.1204
1.0339
1.0012
0.9534
0.9735
1.0278
1.0404
1.0248
1.0158
0.9665
0.9715
0.9730
1.0394
1.0369
1.1204
1.0972
1.1691
1.1349
1.0967
1.1128
1.0922
1.1289
1.1561
1.1525
1.1445
1.1038
1.1163
1.1571
1.1460
1.2114
1.1988
1.2094
1.1852
1.1571
1.2084
1.1324
1.1274
1.1626
1.0007
1.0489
1.0766
1.1812
1.1530
1.1742
1.1173
1.0942
1.0882
1.0932
1.0560
1.0369
1.0032
0.9785
0.9705
0.9619
0.9891
0.9348
0.8408
0.9182
0.9670
0.9499
0.9806
1.0132
0.9645
0.9906
0.9780
1.0339
1.0756
0.9987
1.0484
1.1078
1.0665
1.0877
1.1359
1.1621
1.1716
1.1349
1.1299
1.1153
1.1088
1.0997
1.1033
1.0510
1.0032
1.0092
0.9926
0.9821
0.9931
1.0012
1.0193
1.0429
1.1023
1.0625
1.0650
1.0872
1.0615
1.0208
1.0022
1.0505
1.0665
1.0625
1.0550
1.0897
1.1385
1.0897
1.0852
1.0907
1.0857
1.0404
0.9619
0.9554
1.0183
0.9997
0.9836
1.0278
1.0489
1.0857
1.0500
1.1510
1.1631
1.1862
1.1561
1.0605
1.1068
1.1510
1.1314
1.1581
1.1254
1.1551
1.1556
1.2184
1.2757
1.1827
1.1661
1.1088
1.1209
1.0972
1.1229
1.1103
1.0575
1.0409
1.1063
1.1294
1.1561
1.0826
1.1762
1.2018
1.1048
1.1178
1.1058
1.0449
1.0183
1.0324
1.1048
1.1173
1.1485
1.0645
1.0137
1.0605
1.0635
1.0962
1.0349
1.1279
1.1561
1.1138
1.0500
1.0454
1.0505
1.0781
1.0645
1.0882
1.0721
1.0942
1.1289
1.1475
1.1490
1.1178
1.0756
1.0414
1.0605
1.0635
0.9941
1.0665
1.0665
1.1002
1.1033
1.0635
0.9821
0.9916
0.9906
0.9780
1.0117
1.0263
1.0163
1.0404
1.0273
1.0384
1.0263
1.0786
1.0650
1.1410
1.1344
1.1274
1.1128
1.1455
1.1274
1.1545
1.1133
1.1324
1.0962
0.9941
1.0967
1.0268
1.1339
1.1385
1.1204
1.2144
1.2410
1.1887
1.2320
1.2134
1.1561
1.1767
1.2365
1.2280
1.1857
1.1138
1.2501
1.3004
1.3275
1.1887
1.1279
1.1671
1.1837
1.2607
1.2667
1.2189
1.3084
1.3215
1.2375
1.2184
1.2018
1.1480
1.1626
1.2571
1.1887
1.2843
1.1676
1.2280
1.2833
1.4100
1.3783
1.2803
1.3230
1.3230
1.2793
1.2818
1.1862
1.1887
1.1787
1.1178
1.0972
1.0454
1.1375
1.2969
1.1953
1.1958
1.2179
1.2974
1.2818
1.2295
1.1782
1.1923
1.1088
1.1616
1.1158
1.1364
1.1520
1.2255
1.2400
1.2295
1.1782
1.2134
1.2511
1.2989
1.3044
1.3210
1.3104
1.3245
1.3130
1.2204
1.3431
1.1993
1.1455
1.2421
1.2224
1.1817
1.1968
1.2290
1.2109
1.2280
1.2300
1.2949
1.1968
1.2385
1.3089
1.2174
1.1696
1.1767
1.1485
1.1606
1.1591
1.1254
1.0696
1.0686
1.0897
1.1269
1.2084
1.1510
1.1948
1.2159
1.1063
1.0318
1.0942
1.1722
1.1304
1.1133
1.1857
1.1460
1.1375
1.1324
1.1390
1.1088
1.1420
1.1324
1.0645
1.1188
1.1581
1.1364
1.1510
1.1103
1.1410
1.0600
1.1475
1.0429
1.0288
1.0972
1.1002
1.1133
1.1234
1.0992
1.0600
1.0831
1.1334
1.1696
1.1978
1.2179
1.1390
1.1953
1.1324
1.0736
1.0736
1.0288
1.0374
1.0349
1.0660
1.1304
1.2179
1.2632
1.1621
1.2033
1.1696
1.1128
1.0278
1.0811
1.1088
1.1621
1.1395
1.1525
1.0786
1.1304
1.1676
1.1209
1.1078
1.1188
1.1063
1.1601
1.0862
1.2315
1.1676
1.1661
1.1410
1.1234
1.1626
1.1183
1.0530
1.0575
1.1038
1.0721
1.0811
1.0253
1.1304
1.1259
1.1133
1.0384
1.0223
1.0359
1.1249
1.1023
1.1259
1.1631
1.1606
1.1802
1.2058
1.2033
1.1903
1.0972
1.1852
1.1661
1.1953
1.1410
1.1671
1.1219
1.1199
1.0962
1.1319
1.1259
1.1224
1.1732
1.1686
1.1545
1.1319
1.1063
1.0972
1.1118
1.0595
1.1043
1.1158
1.1349
1.1626
1.1601
1.0857
1.2390
1.2375
1.2164
1.1696
1.0816
1.0560
1.0520
1.0766
1.1385
1.1742
1.2431
1.1898
1.1596
1.0932
1.0660
1.0364
1.1068
1.0872
1.0942
1.1390
1.1631
1.1183
1.1153
1.1576
1.2204
1.1490
1.1606
1.1722
1.1988
1.1978
1.1465
1.2003
1.1465
1.1696
1.1747
1.1903
1.0761
1.0530
1.0897
1.0525
1.0892
1.1571
1.2295
1.1792
1.1711
1.2074
1.2280
1.0872
1.1344
1.1178
1.2325
1.2129
1.1229
1.0892
1.0731
1.0615
1.0429
1.1224
1.1405
1.1973
1.2084
1.1943
1.1948
1.2793
1.1535
1.1641
1.2652
1.2275
1.3155
1.2742
1.2969
1.2084
1.1314
1.1158
1.1460
1.1802
1.1948
1.1525
1.1113
1.1948
1.1978
1.2048
1.1817
1.1430
1.1153
1.1460
1.1877
1.2632
1.2270
1.2818
1.2828
1.2068
1.1314
1.1153
1.1576
1.1133
1.1229
1.0665
1.1199
1.1601
1.0846
1.1556
1.0505
1.0756
1.1158
1.1133
1.0706
1.0922
1.0862
1.0836
1.1651
1.2058
1.1510
1.1289
1.1148
1.0927
1.1510
1.1405
1.1017
1.1561
1.1530
1.1234
1.1525
1.1430
1.1757
1.2350
1.1616
1.1596
1.2199
1.2672
1.1852
1.1877
1.1364
1.0670
1.0555
1.0716
1.0575
1.1254
1.2476
1.2144
1.2114
1.2375
1.2290
1.0831
1.0897
1.0852
1.0505
1.1390
1.2048
1.1923
1.2139
1.1817
1.1747
1.1490
1.1178
1.1173
1.0303
1.1038
1.1269
1.1661
1.1827
1.1556
1.1958
1.1435
1.1364
1.2863
1.2224
1.1827
1.1118
1.1349
1.1701
1.1364
1.1847
1.1666
1.2159
1.2109
1.1747
1.2536
1.1958
1.1535
1.1762
1.1480
1.1606
1.1485
1.1048
1.1606
1.1043
1.0650
1.1410
1.1440
1.1676
1.2159
1.1274
1.1128
1.2179
1.1918
1.2144
1.1872
1.1782
1.2043
1.1807
1.1525
1.2159
1.1686
1.1757
1.1385
1.1742
1.1676
1.1435
1.1777
1.2878
1.2325
1.2119
1.2677
1.2295
1.2627
1.2878
1.3074
1.2270
1.2722
1.2969
1.2607
1.2234
1.1209
1.1178
1.1063
1.1601
1.1249
1.1229
1.1294
1.1153
1.1023
1.1581
1.1314
1.1696
1.1852
1.2219
1.2783
1.1837
1.1229
1.0977
1.1757
1.0857
1.0706
1.1118
1.0696
1.1002
1.0505
1.0223
1.0665
1.0359
1.1078
1.1183
1.0510
1.1324
1.2104
1.2280
1.2949
1.2063
1.1722
1.2094
1.2260
1.2607
1.2033
1.2003
1.1364
1.0972
1.1334
1.1279
1.1968
1.1002
1.0404
0.9946
1.0339
0.9896
1.0223
0.9594
1.0303
0.9971
1.0163
1.1128
1.0917
1.1601
1.2018
1.2742
1.2642
1.1933
1.1847
1.1646
1.0877
1.1148
1.1455
1.1903
1.2652
1.3230
1.2280
1.2692
1.2295
1.2511
1.2290
1.2622
1.3306
1.3180
1.3200
1.2466
1.1385
1.1304
1.0731
1.0711
1.1359
1.1807
1.1661
1.2365
1.2260
1.2074
1.2888
1.2667
1.1716
1.2415
1.3487
1.2994
1.2833
1.2818
1.2928
1.3094
1.3235
1.2506
1.2476
1.0846
1.0479
1.1385
1.0686
1.0786
0.9906
1.1385
1.1646
1.1415
1.1646
1.1505
1.1415
1.1661
1.1410
1.1561
1.1249
1.1626
1.1716
1.2089
1.2385
1.1430
1.1857
1.1787
1.1078
1.1631
1.0952
1.0892
1.1369
1.1933
1.1199
1.2033
1.2204
1.1606
1.1696
1.1344
1.2345
1.2345
1.2139
1.2003
1.1877
1.1153
1.1571
1.0927
1.2144
1.1988
1.2295
1.1269
1.1430
1.0942
1.0761
1.1500
1.1440
1.2219
1.1827
1.1852
1.1576
1.0826
1.1420
1.2179
1.1405
1.1666
1.1405
1.2174
1.2340
1.2038
1.2436
1.2340
1.2350
1.2883
1.2974
1.3044
1.3301
1.2063
1.1606
1.2747
1.2461
1.1903
1.2783
1.3014
1.3059
1.2365
1.2783
1.2808
1.2068
1.1923
1.1520
1.1510
1.1722
1.1777
1.1732
1.2642
1.2989
1.2622
1.1535
1.2074
1.2672
1.3145
1.2320
1.2768
1.2129
1.1344
1.0660
1.0660
1.0650
1.1204
1.0862
1.1349
1.1088
1.1078
1.0987
1.1334
1.0852
1.0615
1.1319
1.1274
1.1229
1.1410
1.1862
1.2199
1.2561
1.2204
1.2038
1.2546
1.2290
1.1882
1.2234
1.1631
1.1596
1.1274
1.1440
1.1460
1.1898
1.1596
1.1852
1.2320
1.2551
1.2617
1.3622
1.2979
1.2622
1.2250
1.1837
1.1777
1.1606
1.1807
1.1299
1.1581
1.2104
1.2275
1.2838
1.2627
1.1812
1.2486
1.2556
1.2038
1.1259
1.1234
1.1405
1.0917
1.0640
1.1812
1.1012
1.1571
1.1993
1.2074
1.1732
1.1254
1.1435
1.1671
1.2385
1.2375
1.1530
1.1002
1.0374
1.0947
1.1933
1.1737
1.1058
1.2129
1.1877
1.1792
1.1304
1.1048
1.2013
1.1993
1.1877
1.2436
1.2526
1.2184
1.1274
1.1762
1.2018
1.2531
1.2184
1.2325
1.2003
1.2229
1.1948
1.2058
1.2033
1.1364
1.1108
1.0992
1.0806
1.0670
1.1304
1.1153
1.1133
1.1033
1.0218
1.1063
1.1375
1.1641
1.2788
1.3109
1.1767
1.2033
1.1359
1.1827
1.2602
1.2229
1.1943
1.0897
1.1048
1.1601
1.1480
1.1606
1.1596
1.2109
1.1862
1.2094
1.2365
1.3120
1.3250
1.3577
1.3587
1.2642
1.2576
1.2863
1.3165
1.3084
1.3547
1.2501
1.2043
1.1606
1.2018
1.2104
1.1435
1.2209
1.2350
1.1933
1.2245
1.2400
1.2501
1.2270
1.3346
1.2104
1.1530
1.2295
1.1777
1.1832
1.2290
1.1882
1.1807
1.1314
1.1475
1.1269
1.1344
1.1505
1.1606
1.1711
1.1686
1.1525
1.1626
1.2234
1.3230
1.2803
1.2003
1.1671
1.2164
1.2114
1.1561
1.1349
1.0761
1.0736
1.0826
1.0997
1.1023
1.0721
1.0409
1.0791
1.0660
1.1088
1.0570
1.1671
1.1837
1.1445
1.2486
1.1933
1.2808
1.2692
1.2607
1.2134
1.3039
1.3421
1.2843
1.2732
1.2305
1.3180
1.2446
1.2224
1.2270
1.2622
1.2878
1.2431
1.1445
1.2219
1.2476
1.1334
1.1817
1.3024
1.3180
1.2863
1.3718
1.3688
1.3366
1.2803
1.2048
1.2139
1.1782
1.1299
1.1460
1.1475
1.1078
1.0972
1.1530
1.1188
1.2023
1.2275
1.2617
1.2863
1.3275
1.3255
1.3260
1.3140
1.2622
1.1852
1.1777
1.1596
1.1058
1.1178
1.0962
1.0364
1.1173
1.1369
1.1314
1.1802
1.1732
1.2204
1.1716
1.1862
1.1581
1.1359
1.0676
1.0766
1.0645
1.1093
1.0233
1.0892
1.0736
1.1153
1.0605
1.1490
1.1163
1.1581
1.1359
1.2038
1.2340
1.1395
1.1183
1.0872
1.1862
1.1686
1.1747
1.1711
1.1666
1.1641
1.1711
1.1556
1.1671
1.2063
1.1183
1.1696
1.1244
1.1852
1.1988
1.2833
1.2808
1.3235
1.3653
1.2878
1.3084
1.2808
1.2687
1.2506
1.1953
1.1631
1.2043
1.1163
1.1269
1.2506
1.1923
1.1837
1.1545
1.1430
1.2089
1.1948
1.2280
1.2189
1.2245
1.2255
1.2506
1.2898
1.2556
1.2732
1.2742
1.3180
1.2883
1.3280
1.2737
1.2224
1.2898
1.1923
1.0962
1.0902
1.0339
1.0741
1.1038
1.1369
1.0977
1.1545
1.0831
0.9730
1.1249
1.1535
1.1415
1.1244
1.1088
1.1641
1.1923
1.1827
1.2290
1.2094
1.1319
1.1249
1.2184
1.1686
1.1445
1.2109
1.1757
1.1903
1.2114
1.3155
1.2742
1.3296
1.3165
1.2768
1.2672
1.2159
1.2003
1.1460
1.1918
1.1827
1.2074
1.2979
1.2516
1.2275
1.1973
1.1349
1.1812
1.1646
1.0992
1.0947
1.0686
1.0882
1.1571
1.2204
1.1928
1.1722
1.2204
1.2466
1.2446
1.2642
1.1827
1.1551
1.1631
1.1188
1.1083
1.1606
1.2018
1.1802
1.1520
1.3130
1.3472
1.3411
1.2843
1.2843
1.2944
1.2275
1.1993
1.1757
1.1812
1.2360
1.1545
1.1023
1.0816
1.1430
1.0907
1.0339
1.1259
1.2068
1.1304
1.2255
1.2400
1.2164
1.2209
1.2994
1.2325
1.2330
1.2033
1.3285
1.3371
1.2803
1.2270
1.2300
1.2732
1.3180
1.2783
1.2461
1.2114
1.2174
1.2350
1.2144
1.2315
1.1701
1.2410
1.2717
1.2104
1.1737
1.2320
1.2033
1.2013
1.1163
1.1671
1.2159
1.1485
1.2013
1.2209
1.2667
1.2390
1.2607
1.2662
1.2275
1.2602
1.2546
1.2089
1.2270
1.1757
1.2033
1.1903
1.2441
1.2546
1.2385
1.1762
1.2229
1.2581
1.1898
1.1183
1.0942
1.1410
1.0595
1.0510
1.0127
1.0359
1.0756
1.1173
1.1148
1.1988
1.2295
1.3487
1.3743
1.2959
1.3260
1.3044
1.3507
1.3441
1.3074
1.2687
1.2275
1.1877
1.2013
1.1480
1.1369
1.1711
1.1364
1.1732
1.2315
1.2979
1.3351
1.3104
1.2607
1.2858
1.2114
1.1968
1.1661
1.2255
1.1978
1.1857
1.2305
1.2762
1.2571
1.1988
1.1877
1.2315
1.2672
1.1646
1.1641
1.1601
1.2018
1.1898
1.2431
1.2189
1.1832
1.1440
1.1676
1.1968
1.2179
1.1576
1.1364
1.2038
1.1591
1.1465
1.1390
1.1219
1.1299
1.1269
1.1319
1.1158
1.1787
1.1199
1.1716
1.0716
1.0163
1.0831
1.0369
1.0570
1.1545
1.1535
1.1420
1.1349
1.1621
1.1289
1.1023
1.0932
1.0650
1.2154
1.2315
1.2989
1.3135
1.3059
1.2898
1.3507
1.2697
1.1882
1.1998
1.2415
1.2511
1.1737
1.1792
1.2581
1.2305
1.2320
1.2662
1.2270
1.2295
1.1918
1.1812
1.1847
1.1872
1.1998
1.1349
1.1178
1.1465
1.1274
1.1465
1.1359
1.2360
1.1943
1.1641
1.1505
1.1289
1.1666
1.1943
1.1948
1.2365
1.2219
1.2139
1.1551
1.1782
1.1716
1.1787
1.2878
1.3386
1.3346
1.3321
1.3492
1.4603
1.4678
1.3899
1.2561
1.2074
1.1530
1.1737
1.1691
1.1535
1.1646
1.2969
1.2928
1.2692
1.2506
1.2048
1.2672
1.2793
1.2486
1.2773
1.2345
1.2250
1.1958
1.2174
1.2652
1.2270
1.2390
1.2375
1.2063
1.1732
1.2511
1.2722
1.2949
1.2385
1.2712
1.2933
1.3326
1.3094
1.2908
1.2672
1.3341
1.3301
1.3386
1.2617
1.2536
1.2607
1.2757
1.2456
1.2013
1.1561
1.1234
1.1621
1.2094
1.2476
1.2114
1.2074
1.2058
1.2023
1.2642
1.2370
1.1817
1.2174
1.2023
1.2305
1.2431
1.1877
1.1898
1.2345
1.2989
1.2607
1.2652
1.2687
1.2526
1.2174
1.2531
1.2602
1.1898
1.2234
1.2159
1.2642
1.2888
1.2436
1.2415
1.1661
1.1430
1.2602
1.2234
1.1933
1.2260
1.1872
1.1676
1.2275
1.2395
1.2224
1.2255
1.2189
1.2224
1.2375
1.1631
1.2023
1.1998
1.2189
1.1500
1.2466
1.2229
1.1847
1.2511
1.2692
1.2712
1.2838
1.2833
1.2602
1.2762
1.2345
1.1827
1.1530
1.2375
1.3130
1.2928
1.2360
1.2043
1.2109
1.2617
1.2762
1.2768
1.2883
1.3492
1.2994
1.3275
1.2400
1.3446
1.2441
1.2627
1.2783
1.3094
1.2712
1.2511
1.2255
1.2400
1.2184
1.2325
1.1812
1.2581
1.2949
1.2712
1.2622
1.2229
1.1737
1.1571
1.1666
1.2260
1.1349
1.2023
1.1877
1.2586
1.2632
1.1817
1.1757
1.1792
1.2154
1.2632
1.2878
1.3180
1.3814
1.3572
1.3693
1.3678
1.4502
1.4397
1.3582
1.3713
1.3577
1.3371
1.3029
1.2838
1.2838
1.3135
1.3788
1.2803
1.2370
1.2692
1.3145
1.3577
1.3909
1.3743
1.3306
1.3059
1.3844
1.3788
1.2697
1.2506
1.2788
1.2788
1.2360
1.2516
1.3004
1.2838
1.2828
1.2084
1.2486
1.2768
1.3104
1.3758
1.3934
1.4090
1.4286
1.4005
1.4246
1.4739
1.4563
1.3698
1.3461
1.3180
1.2773
1.3627
1.3602
1.3819
1.3245
1.2918
1.2476
1.1812
1.1832
1.1525
1.1103
1.1113
1.1224
1.1701
1.1339
1.1173
1.1576
1.1465
1.1359
1.1510
1.1837
1.2501
1.3577
1.3492
1.3743
1.2662
1.2692
1.3019
1.2652
1.2486
1.2863
1.2224
1.2883
1.2858
1.2944
1.3441
1.3064
1.3104
1.3341
1.3089
1.3120
1.3255
1.2602
1.2662
1.3632
1.3552
1.3446
1.2234
1.2164
1.2094
1.2491
1.2350
1.1505
1.1616
1.1163
1.1244
1.1314
1.1465
1.2229
1.2481
1.2556
1.2501
1.2139
1.2722
1.2255
1.2174
1.2536
1.3120
1.3582
1.3587
1.3270
1.3582
1.3165
1.3803
1.3029
1.3376
1.3346
1.3839
1.3793
1.4181
1.3275
1.3482
1.3185
1.2551
1.2999
1.3165
1.2642
1.2255
1.2702
1.3467
1.3602
1.3839
1.4316
1.3713
1.4130
1.3467
1.2883
1.2959
1.3004
1.2229
1.2250
1.1973
1.2280
1.2300
1.2954
1.2908
1.3808
1.3145
1.3255
1.3039
1.2018
1.3376
1.3758
1.3723
1.3602
1.3502
1.3421
1.3140
1.3270
1.3461
1.3185
1.3190
1.4045
1.4482
1.4457
1.3738
1.2863
1.2089
1.2581
1.2325
1.2114
1.2280
1.1777
1.2224
1.2697
1.2818
1.2390
1.2295
1.3029
1.3909
1.4930
1.4482
1.4261
1.4005
1.3924
1.4271
1.3200
1.3190
1.3492
1.3954
1.3361
1.3205
1.2888
1.2662
1.2581
1.2757
1.2969
1.3130
1.3245
1.3145
1.2737
1.2546
1.2501
1.2038
1.1903
1.2858
1.2757
1.2783
1.2571
1.2838
1.3049
1.2863
1.2431
1.2320
1.2114
1.2602
1.2632
1.1837
1.1319
1.1591
1.2531
1.2260
1.1646
1.2043
1.2546
1.2184
1.3185
1.2295
1.2642
1.2461
1.2647
1.2677
1.3130
1.2818
1.3456
1.3602
1.3934
1.3446
1.4020
1.3698
1.3165
1.3366
1.3114
1.2395
1.1661
1.1928
1.2038
1.2431
1.2883
1.2627
1.2994
1.2933
1.2576
1.2722
1.2531
1.2597
1.2969
1.3235
1.2597
1.2642
1.2466
1.2441
1.2305
1.2747
1.2742
1.3396
1.3140
1.3371
1.3210
1.3190
1.2662
1.2908
1.2667
1.2793
1.2697
1.2295
1.1872
1.1777
1.2677
1.2697
1.2295
1.3145
1.3180
1.3602
1.3391
1.3351
1.2461
1.3185
1.3185
1.3391
1.3120
1.2410
1.2390
1.1722
1.1792
1.2038
1.2229
1.1827
1.1857
1.2074
1.1631
1.1163
1.1581
1.2089
1.2350
1.2255
1.2712
1.2923
1.3130
1.2928
1.2139
1.1671
1.2270
1.1968
1.2179
1.2109
1.2275
1.2189
1.2667
1.2602
1.2642
1.3512
1.3341
1.3084
1.3557
1.2702
1.3572
1.2838
1.2511
1.2999
1.3467
1.4251
1.4191
1.3954
1.3235
1.2808
1.3014
1.2969
1.2793
1.3341
1.3190
1.2989
1.3366
1.3743
1.4145
1.4648
1.4296
1.3270
1.3582
1.3587
1.3109
1.2923
1.2476
1.2431
1.2119
1.2164
1.2546
1.2395
1.2803
1.3210
1.3653
1.3004
1.3185
1.3064
1.3723
1.3597
1.3190
1.2667
1.1943
1.1410
1.2068
1.2808
1.2260
1.2717
1.2642
1.2652
1.2370
1.2793
1.3416
1.3678
1.2622
1.2873
1.3160
1.2531
1.2702
1.2400
1.2164
1.1918
1.1711
1.2385
1.1852
1.2732
1.3049
1.3512
1.3120
1.3673
1.3673
1.3436
1.3275
1.3366
1.3215
1.2581
1.2828
1.2732
1.2949
1.2697
1.2808
1.3114
1.3250
1.3557
1.3361
1.3431
1.3959
1.3974
1.4095
1.4085
1.3537
1.2722
1.2315
1.2410
1.2928
1.2883
1.3396
1.3235
1.3341
1.3296
1.3250
1.3361
1.2883
1.2652
1.2446
1.2340
1.2446
1.2415
1.1978
1.1631
1.2360
1.2461
1.2642
1.2878
1.2843
1.2607
1.2863
1.2531
1.2607
1.3386
1.3230
1.2702
1.2923
1.2793
1.2360
1.2043
1.3341
1.3617
1.3723
1.3602
1.2768
1.2441
1.2431
1.3155
1.3783
1.3748
1.3487
1.3321
1.3482
1.3431
1.2722
1.3255
1.3044
1.3512
1.3643
1.3954
1.3658
1.3316
1.3492
1.3527
1.3230
1.3748
1.3718
1.3904
1.3632
1.2994
1.2415
1.1757
1.1787
1.1923
1.2883
1.3069
1.2576
1.1988
1.2063
1.2229
1.1953
1.3024
1.3587
1.3396
1.4095
1.4397
1.3467
1.3411
1.3346
1.3205
1.2350
1.2245
1.3004
1.2954
1.2697
1.2607
1.3064
1.3301
1.3391
1.3773
1.3632
1.3512
1.4211
1.3738
1.3376
1.3109
1.3441
1.3597
1.3819
1.3547
1.3361
1.3738
1.4653
1.4834
1.3990
1.3562
1.3803
1.4181
1.3512
1.3763
1.3718
1.3577
1.3306
1.2627
1.2350
1.1933
1.3089
1.3421
1.3577
1.3688
1.4216
1.4377
1.3884
1.4226
1.4065
1.3874
1.3587
1.3160
1.3069
1.3306
1.3175
1.4347
1.3275
1.3250
1.3140
1.3582
1.4000
1.3909
1.3728
1.4005
1.3814
1.3959
1.3783
1.3321
1.3607
1.3713
1.4216
1.4377
1.3979
1.3773
1.4161
1.4668
1.4925
1.4216
1.4492
1.4482
1.4171
1.3718
1.3904
1.3723
1.4120
1.3874
1.4025
1.3814
1.3024
1.3607
1.3487
1.3632
1.4045
1.4261
1.4191
1.4060
1.3416
1.3351
1.2979
1.3140
1.3049
1.3301
1.3482
1.3622
1.3944
1.3758
1.4246
1.3441
1.3803
1.3874
1.4015
1.3502
1.3622
1.3617
1.4040
1.4246
1.3572
1.3557
1.3547
1.3456
1.3376
1.3331
1.3280
1.3260
1.2828
1.2712
1.2813
1.2260
1.2687
1.3140
1.3049
1.2667
1.2793
1.2461
1.2119
1.2586
1.3074
1.2667
1.2888
1.1782
1.2144
1.2717
1.3270
1.3456
1.2531
1.2586
1.2536
1.3130
1.3557
1.3582
1.3467
1.3180
1.3185
1.2979
1.2933
1.2989
1.2828
1.3019
1.2933
1.2486
1.1953
1.2255
1.3029
1.2974
1.2697
1.2833
1.2481
1.2551
1.1958
1.2793
1.2793
1.3104
1.3120
1.3467
1.3607
1.3386
1.3557
1.3562
1.3482
1.3421
1.3622
1.3829
1.3768
1.3748
1.3909
1.3617
1.3839
1.3673
1.3768
1.2762
1.2768
1.2768
1.2768
1.3487
1.3190
1.2989
1.3029
1.3396
1.3668
1.2903
1.2662
1.2255
1.3014
1.3482
1.3401
1.2717
1.2204
1.2456
1.1993
1.2074
1.2773
1.2245
1.2063
1.2441
1.2516
1.2576
1.2933
1.2159
1.2506
1.3200
1.3416
1.3461
1.2833
1.3135
1.2944
1.2466
1.1903
1.1908
1.1711
1.1862
1.2607
1.2757
1.2551
1.3120
1.2843
1.3120
1.2944
1.2461
1.2742
1.2747
1.2642
1.3094
1.2918
1.3773
1.3632
1.3205
1.3089
1.2918
1.2667
1.3321
1.3285
1.2949
1.3004
1.3255
1.3346
1.3517
1.3557
1.3145
1.2843
1.3044
1.2224
1.2456
1.3296
1.3109
1.3235
1.2903
1.3602
1.3718
1.3587
1.3270
1.3255
1.3547
1.4110
1.4528
1.4402
1.4206
1.3728
1.3482
1.4161
1.3703
1.3803
1.3632
1.3632
1.3004
1.2526
1.2903
1.3185
1.3301
1.4015
1.3260
1.2300
1.1792
1.1933
1.2461
1.2722
1.3069
1.2360
1.2345
1.2989
1.2918
1.1928
1.1616
1.2209
1.2556
1.1993
1.2295
1.2622
1.2556
1.2702
1.2722
1.2320
1.2104
1.2597
1.3587
1.3693
1.3140
1.3049
1.3411
1.3019
1.3391
1.3120
1.2933
1.3004
1.3366
1.3321
1.2969
1.1646
1.1807
1.2038
1.1591
1.1767
1.2139
1.3019
1.3059
1.2994
1.3160
1.2959
1.3316
1.3185
1.2551
1.2390
1.2174
1.1686
1.1827
1.1968
1.2159
1.2410
1.2923
1.2989
1.3250
1.3557
1.3235
1.2581
1.1993
1.1993
1.2486
1.2672
1.2375
1.2783
1.2788
1.2441
1.2742
1.3175
1.2768
1.2441
1.2094
1.2164
1.2627
1.2979
1.2501
1.2255
1.2697
1.2944
1.3104
1.2692
1.2813
1.3658
1.3421
1.3155
1.3059
1.3411
1.3140
1.3059
1.2853
1.2722
1.2305
1.2928
1.3205
1.2134
1.2184
1.2315
1.2546
1.2491
1.2134
1.2833
1.2486
1.1812
1.2576
1.3044
1.3084
1.2783
1.2788
1.2994
1.2511
1.2898
1.2742
1.2461
1.2858
1.2717
1.2959
1.2481
1.2023
1.1887
1.2104
1.2486
1.3622
1.2979
1.3788
1.3431
1.3904
1.4030
1.4145
1.3376
1.2898
1.2873
1.2838
1.2607
1.2315
1.2627
1.2360
1.2773
1.2994
1.3160
1.3376
1.3235
1.3527
1.3114
1.2813
1.3004
1.3396
1.3431
1.3698
1.4085
1.4075
1.3648
1.3326
1.2843
1.2415
1.2506
1.2677
1.3120
1.3230
1.3331
1.2974
1.2491
1.2863
1.2959
1.3235
1.3321
1.3396
1.3351
1.3834
1.3884
1.3587
1.4030
1.3275
1.3889
1.3703
1.3351
1.4050
1.4050
1.3728
1.3803
1.3331
1.3718
1.3502
1.4045
1.3949
1.4502
1.3854
1.3361
1.3326
1.3391
1.3446
1.3180
1.2737
1.2969
1.3235
1.3763
1.3738
1.3829
1.3979
1.3044
1.2974
1.3014
1.2954
1.2808
1.2581
1.2627
1.2662
1.2888
1.2762
1.2662
1.2255
1.1973
1.2255
1.2270
1.2918
1.2561
1.2199
1.3084
1.3532
1.3230
1.2697
1.2702
1.2933
1.3306
1.3074
1.2043
1.1676
1.1953
1.2481
1.2546
1.2813
1.2063
1.2757
1.2757
1.2139
1.2602
1.2436
1.2491
1.2556
1.2501
1.2994
1.2933
1.3527
1.3331
1.3723
1.3064
1.3200
1.3411
1.2933
1.2773
1.2989
1.3044
1.3084
1.2999
1.3572
1.3049
1.2556
1.4226
1.3215
1.2561
1.3140
1.4115
1.4095
1.3889
1.3808
1.4186
1.4166
1.3602
1.3487
1.2883
1.3074
1.3431
1.3371
1.2898
1.2757
1.2330
1.3180
1.3487
1.4120
1.3140
1.3250
1.3230
1.3441
1.2526
1.2365
1.2898
1.3280
1.3899
1.4573
1.3376
1.3421
1.3461
1.2762
1.2561
1.3456
1.3718
1.3688
1.3773
1.3738
1.2828
1.3351
1.3185
1.3617
1.3703
1.2732
1.3270
1.3255
1.3130
1.3884
1.3391
1.3874
1.3280
1.3793
1.3210
1.3527
1.3436
1.3492
1.3743
1.4226
1.3527
1.3557
1.3456
1.3502
1.3421
1.3351
1.3421
1.3482
1.3396
1.3024
1.3808
1.3436
1.3059
1.3844
1.3788
1.3834
1.3461
1.3929
1.4673
1.4306
1.4236
1.4819
1.3990
1.4095
1.3990
1.4211
1.3844
1.4000
1.3678
1.3361
1.3316
1.3602
1.3165
1.3507
1.3622
1.3507
1.3974
1.3557
1.3044
1.3607
1.3617
1.3160
1.4030
1.3602
1.3391
1.3441
1.2969
1.3024
1.2863
1.2622
1.3180
1.3502
1.3839
1.4110
1.4834
1.4844
1.4422
1.3803
1.3959
1.3552
1.3351
1.3532
1.2793
1.2687
1.2903
1.2667
1.3140
1.3135
1.3044
1.3728
1.3487
1.2365
1.2250
1.3441
1.3175
1.3396
1.3537
1.3346
1.3316
1.3175
1.2652
1.3215
1.2979
1.2501
1.2461
1.1666
1.2486
1.1807
1.1747
1.1993
1.2199
1.2556
1.2722
1.3160
1.3587
1.3069
1.2773
1.3532
1.3235
1.3104
1.3552
1.3461
1.3678
1.3552
1.3160
1.3371
1.4392
1.4281
1.4457
1.4236
1.3884
1.3698
1.3270
1.3024
1.3275
1.3557
1.3155
1.3793
1.3331
1.3507
1.3436
1.2410
1.2410
1.1852
1.2511
1.2250
1.2586
1.2526
1.2571
1.2742
1.3371
1.3326
1.3607
1.3502
1.3326
1.3190
1.2642
1.2999
1.3456
1.4251
1.3461
1.3698
1.4110
1.3446
1.3587
1.3602
1.3502
1.3411
1.3255
1.3130
1.2712
1.2843
1.2923
1.3205
1.3306
1.2954
1.3431
1.3175
1.3059
1.2134
1.2068
1.2038
1.2330
1.2043
1.2954
1.2576
1.2632
1.1812
1.1852
1.3135
1.2833
1.2933
1.2571
1.2295
1.2742
1.2737
1.3713
1.3562
1.3386
1.2994
1.2622
1.2345
1.2441
1.2345
1.2441
1.2199
1.1500
1.2234
1.2687
1.2803
1.1847
1.1556
1.1219
1.1068
1.1083
1.1395
1.2350
1.2994
1.3472
1.3718
1.2833
1.2702
1.2415
1.2074
1.3467
1.3502
1.3210
1.3014
1.2833
1.2697
1.2290
1.2410
1.2818
1.2712
1.3140
1.3487
1.3507
1.3622
1.3839
1.3044
1.2229
1.2687
1.2370
1.2164
1.1535
1.1415
1.0907
1.0942
1.1078
1.0862
1.1339
1.1269
1.1535
1.1420
1.1551
1.1530
1.1943
1.1827
1.1430
1.2184
1.2018
1.1561
1.2063
1.2340
1.2134
1.1666
1.1737
1.1455
1.0927
1.1923
1.2667
1.2687
1.2300
1.3044
1.3185
1.2873
1.2742
1.2954
1.2491
1.2330
1.2330
1.2551
1.2199
1.2436
1.1686
1.2441
1.2516
1.1948
1.1626
1.2013
1.1903
1.1475
1.1691
1.2375
1.2576
1.3260
1.3688
1.3135
1.3467
1.3401
1.3235
1.2365
1.1933
1.1510
1.1405
1.0831
1.1837
1.1857
1.1666
1.1420
1.1324
1.1571
1.2089
1.2255
1.2702
1.2923
1.2898
1.3301
1.3482
1.3296
1.2838
1.2501
1.2245
1.2375
1.1626
1.2466
1.2229
1.2260
1.1646
1.1606
1.1465
1.1375
1.1304
1.1339
1.0947
1.1722
1.2089
1.2561
1.2300
1.2224
1.2345
1.2345
1.1908
1.1596
1.1359
1.2013
1.3039
1.2546
1.2395
1.2390
1.2154
1.1998
1.2506
1.2878
1.2325
1.1375
1.1410
1.1641
1.1701
1.1968
1.1209
1.1390
1.0676
1.0776
1.1043
1.1676
1.0665
1.0339
1.0962
1.0972
1.1002
1.1229
1.2250
1.1847
1.1545
1.1545
1.1641
1.1279
1.0902
1.1369
1.1183
1.1375
1.1188
1.1696
1.1530
1.1405
1.2340
1.1485
1.2018
1.2305
1.1782
1.1918
1.2652
1.2461
1.1591
1.1460
1.1686
1.1948
1.2043
1.1807
1.2476
1.2531
1.2174
1.2647
1.1812
1.2058
1.1933
1.2043
1.2436
1.2219
1.1827
1.2697
1.3029
1.3280
1.2074
1.2365
1.1928
1.2350
1.2561
1.3145
1.2320
1.2325
1.2421
1.2089
1.1953
1.1737
1.1877
1.1993
1.2084
1.1943
1.2370
1.3331
1.3280
1.2300
1.2415
1.2833
1.3140
1.2828
1.3130
1.3145
1.2526
1.2164
1.2531
1.2697
1.2617
1.2863
1.2421
1.2068
1.1606
1.0852
1.0907
1.1480
1.1364
1.1188
1.1581
1.1767
1.1716
1.2300
1.2954
1.2908
1.2652
1.2280
1.2295
1.2094
1.2370
1.2365
1.1933
1.2602
1.2747
1.2647
1.2250
1.2808
1.2687
1.2385
1.1832
1.2511
1.2245
1.1525
1.1530
1.1852
1.2280
1.2300
1.2838
1.2712
1.2928
1.3225
1.3225
1.3587
1.3482
1.3532
1.3974
1.3461
1.3084
1.2883
1.2662
1.2898
1.3622
1.3280
1.3260
1.3351
1.3949
1.2903
1.2139
1.1872
1.1872
1.2219
1.1817
1.1691
1.2692
1.1973
1.1767
1.1998
1.2833
1.2385
1.2390
1.2481
1.2043
1.1571
1.1551
1.1224
1.1410
1.1968
1.1319
1.1887
1.2415
1.2390
1.2908
1.2506
1.2581
1.2400
1.2501
1.2999
1.3044
1.2652
1.2697
1.2702
1.3024
1.2245
1.3215
1.2466
1.1686
1.1737
1.1998
1.1661
1.1304
1.1038
1.1254
1.0670
1.1244
1.1103
1.1103
1.0897
1.0902
1.0419
1.0691
1.1209
1.1173
1.1038
1.1475
1.1465
1.1043
1.1696
1.1651
1.1928
1.2456
1.1887
1.2204
1.2561
1.1908
1.1807
1.1832
1.1430
1.0922
1.1686
1.1324
1.1359
1.1188
1.1576
1.1671
1.2159
1.2415
1.2410
1.2375
1.2159
1.2089
1.1410
1.1435
1.1234
1.1711
1.1556
1.1958
1.2270
1.2506
1.2687
1.2702
1.2737
1.2632
1.2571
1.2199
1.2013
1.2833
1.2818
1.2597
1.2536
1.1968
1.1505
1.0977
1.0897
1.1696
1.2300
1.1988
1.1857
1.1767
1.1390
1.2043
1.2632
1.2250
1.1535
1.1530
1.1827
1.1862
1.1133
1.1445
1.0826
1.0992
1.0997
1.1440
1.1249
1.1199
1.0706
1.0489
1.0303
1.0500
1.0857
1.0801
1.0972
1.1319
1.1998
1.1978
1.2068
1.2370
1.2571
1.2717
1.2410
1.2290
1.1666
1.1742
1.1249
1.1088
1.0987
1.0781
1.0736
1.1173
1.1545
1.0691
1.0575
1.0173
0.9961
1.0665
1.0786
1.1274
1.2089
1.1928
1.1827
1.0997
1.1017
1.1038
1.0927
1.1068
1.0339
1.0625
1.1279
1.0902
1.0947
1.1405
1.1530
1.0897
1.0293
1.0500
1.0962
1.0987
1.1837
1.1968
1.2179
1.1887
1.1048
1.0836
1.0897
1.1068
1.1269
1.2058
1.2933
1.2979
1.2315
1.2632
1.2863
1.1898
1.2109
1.2375
1.2808
1.2164
1.2209
1.2546
1.2602
1.2757
1.2873
1.3165
1.3487
1.3200
1.2878
1.2843
1.3431
1.4236
1.3120
1.2717
1.2400
1.1852
1.2109
1.2260
1.1430
1.1666
1.2033
1.2209
1.2456
1.2969
1.2697
1.2506
1.2245
1.2159
1.2526
1.2260
1.2094
1.2144
1.2204
1.1807
1.2043
1.1802
1.2144
1.1671
1.2255
1.1857
1.1440
1.1349
1.1178
1.1877
1.1782
1.2159
1.1877
1.1782
1.2330
1.1918
1.2234
1.2063
1.1832
1.2174
1.2969
1.2586
1.2013
1.1887
1.2300
1.2320
1.2747
1.2853
1.3371
1.3094
1.3331
1.4050
1.3617
1.3648
1.3507
1.3225
1.2994
1.2622
1.1812
1.2350
1.3200
1.3301
1.3391
1.3210
1.2888
1.2647
1.2687
1.2179
1.2315
1.1807
1.2038
1.2315
1.2747
1.2853
1.2526
1.1943
1.1621
1.1988
1.2084
1.2461
1.2737
1.2441
1.2617
1.3185
1.2652
1.2370
1.3109
1.3014
1.3391
1.3326
1.2878
1.2959
1.3331
1.3512
1.2365
1.2365
1.2883
1.3467
1.3713
1.3587
1.3698
1.3140
1.2632
1.2330
1.2768
1.2446
1.2531
1.2793
1.2898
1.3074
1.3421
1.3577
1.3909
1.3632
1.2989
1.3140
1.3482
1.3411
1.3049
1.2878
1.2747
1.2853
1.3260
1.3889
1.4020
1.4005
1.3723
1.2737
1.2219
1.1304
1.1782
1.2018
1.2647
1.3084
1.2903
1.2662
1.2793
1.2999
1.3552
1.3582
1.2959
1.3230
1.2898
1.2441
1.2536
1.2808
1.2697
1.3029
1.3275
1.3361
1.2989
1.2949
1.3758
1.3401
1.3235
1.3331
1.2883
1.2873
1.2586
1.3074
1.3215
1.3109
1.3245
1.3532
1.2918
1.2999
1.2928
1.2999
1.2325
1.3064
1.2773
1.3502
1.2793
1.2898
1.2546
1.2607
1.2546
1.2828
1.2385
1.2556
1.2833
1.2808
1.2501
1.2883
1.3582
1.4246
1.4316
1.4015
1.4025
1.3723
1.3371
1.3331
1.3401
1.2722
1.2511
1.2888
1.2858
1.2838
1.2607
1.3024
1.3260
1.3250
1.2923
1.2969
1.3140
1.3049
1.3396
1.3572
1.3155
1.2843
1.3456
1.3296
1.3678
1.4201
1.3617
1.3627
1.3296
1.3165
1.2732
1.2531
1.2647
1.3738
1.3819
1.3130
1.2617
1.2662
1.2989
1.3160
1.4005
1.3587
1.3260
1.2933
1.2692
1.2385
1.2581
1.3180
1.3160
1.3270
1.2732
1.3155
1.3371
1.3250
1.3748
1.3517
1.4060
1.4050
1.3944
1.3743
1.3517
1.4085
1.3944
1.3245
1.3859
1.3582
1.3607
1.4246
1.3653
1.3954
1.3990
1.3582
1.4744
1.4231
1.4171
1.4045
1.4578
1.4875
1.5186
1.5428
1.5287
1.5091
1.4518
1.4814
1.4729
1.4331
1.5101
1.4528
1.4819
1.4422
1.4120
1.4301
1.4040
1.4140
1.4276
1.4015
1.4030
1.4030
1.3587
1.3180
1.3180
1.3296
1.3376
1.3532
1.4321
1.4145
1.4020
1.3914
1.4171
1.4140
1.4120
1.3884
1.3814
1.3995
1.4970
1.4533
1.4296
1.4246
1.3758
1.3306
1.3924
1.4472
1.4155
1.4226
1.4387
1.4628
1.4704
1.4211
1.4387
1.4306
1.5086
1.4935
1.5574
1.4115
1.3793
1.4472
1.4578
1.4860
1.4970
1.3678
1.4402
1.4558
1.4417
1.4110
1.3874
1.3904
1.3114
1.3140
1.3467
1.3607
1.3301
1.3270
1.3366
1.2677
1.2903
1.2757
1.3190
1.3718
1.3914
1.4256
1.3879
1.3502
1.3431
1.3044
1.3512
1.3532
1.3763
1.3617
1.2652
1.2581
1.2622
1.2757
1.2768
1.3296
1.3482
1.3396
1.3969
1.3783
1.3627
1.3416
1.3668
1.3979
1.3783
1.3748
1.4025
1.4030
1.3713
1.3366
1.3632
1.4045
1.3949
1.3758
1.3502
1.3431
1.4110
1.4191
1.3934
1.3803
1.3773
1.4140
1.3582
1.3275
1.3879
1.4563
1.4855
1.4457
1.4668
1.5357
1.5237
1.4834
1.5056
1.4699
1.4321
1.4246
1.4528
1.4814
1.4839
1.5161
1.4206
1.4467
1.4689
1.4513
1.4613
1.3834
1.5046
1.4689
1.4000
1.4020
1.4015
1.4025
1.3698
1.3788
1.3859
1.4015
1.4100
1.4834
1.4538
1.4844
1.5186
1.4673
1.4628
1.4075
1.4276
1.3899
1.4246
1.4518
1.4065
1.3954
1.4070
1.4487
1.4276
1.3899
1.4236
1.4719
1.4025
1.4447
1.4236
1.4286
1.3597
1.3617
1.3723
1.3889
1.4784
1.5025
1.4985
1.4764
1.4673
1.5694
1.5378
1.5800
1.5890
1.5538
1.5146
1.4875
1.4774
1.4357
1.4492
1.3839
1.4015
1.4236
1.4799
1.5156
1.4326
1.4578
1.4115
1.4538
1.5041
1.4694
1.4633
1.5227
1.5041
1.5111
1.5458
1.4578
1.4653
1.5025
1.4482
1.5322
1.5518
1.4930
1.5121
1.4749
1.4573
1.4437
1.4980
1.5367
1.5146
1.5488
1.5352
1.5025
1.4678
1.5066
1.4774
1.4166
1.3622
1.3285
1.3587
1.4120
1.3783
1.4161
1.4326
1.4145
1.4437
1.4442
1.4342
1.4372
1.4608
1.5091
1.4930
1.4714
1.4970
1.4834
1.5051
1.4578
1.4880
1.5423
1.5488
1.5367
1.5332
1.5000
1.4995
1.5725
1.5624
1.6092
1.6519
1.5579
1.5830
1.5810
1.6112
1.6117
1.5378
1.4950
1.5559
1.6258
1.5906
1.5865
1.6031
1.5976
1.6006
1.6373
1.6192
1.5765
1.5423
1.5186
1.5217
1.5156
1.5403
1.5262
1.5800
1.5679
1.4844
1.5810
1.5357
1.4502
1.5116
1.5624
1.5202
1.5025
1.4653
1.4508
1.4377
1.4719
1.5584
1.5614
1.5750
1.5845
1.5398
1.5262
1.5694
1.5493
1.5986
1.6127
1.5493
1.5242
1.5257
1.5584
1.5830
1.5584
1.5629
1.5342
1.4689
1.4528
1.4794
1.5005
1.5740
1.5322
1.5830
1.6670
1.6313
1.6087
1.6087
1.5790
1.5357
1.5015
1.4653
1.4714
1.5171
1.5212
1.5020
1.4769
1.4809
1.5031
1.4784
1.5513
1.5488
1.5543
1.5684
1.5277
1.5714
1.6253
1.5795
1.6323
1.6288
1.6046
1.6172
1.6066
1.5870
1.5936
1.5785
1.5448
1.4980
1.4653
1.5005
1.5468
1.5840
1.5926
1.6419
1.6127
1.6137
1.6142
1.5820
1.6016
1.5725
1.6273
1.5820
1.6112
1.6871
1.6484
1.6066
1.6197
1.5564
1.5699
1.5916
1.6021
1.6253
1.5810
1.6197
1.5981
1.6031
1.6584
1.6474
1.7027
1.6499
1.6298
1.6911
1.6715
1.6791
1.6509
1.6519
1.6856
1.6569
1.6474
1.6182
1.6378
1.6383
1.6112
1.6127
1.5916
1.6398
1.6554
1.6439
1.6579
1.6469
1.5870
1.6142
1.6358
1.6298
1.6051
1.6187
1.5865
1.6348
1.6519
1.6635
1.6630
1.6444
1.6685
1.6459
1.6072
1.6077
1.6187
1.6413
1.6253
1.6650
1.6323
1.6373
1.6439
1.6162
1.6358
1.5986
1.6142
1.6791
1.6720
1.7424
1.7007
1.6413
1.6564
1.6786
1.6403
1.6031
1.5936
1.6112
1.6866
1.6243
1.6016
1.6484
1.6489
1.6821
1.6459
1.6700
1.7183
1.6605
1.6283
1.6258
1.6534
1.5901
1.6343
1.5770
1.5543
1.6122
1.5931
1.5232
1.5357
1.5659
1.6419
1.7208
1.7047
1.7163
1.6675
1.6886
1.6801
1.6227
1.5890
1.5191
1.5538
1.5604
1.6494
1.6942
1.6755
1.6403
1.6122
1.6026
1.5951
1.5468
1.6182
1.5860
1.5714
1.5936
1.5237
1.4834
1.5584
1.5936
1.6308
1.6273
1.6444
1.7123
1.7414
1.7726
1.7354
1.7374
1.6856
1.6147
1.6474
1.7233
1.7067
1.6635
1.6303
1.6278
1.7077
1.7384
1.7605
1.7349
1.7032
1.6816
1.6640
1.6534
1.7671
1.7495
1.7158
1.6484
1.5971
1.6766
1.7570
1.7520
1.6640
1.6212
1.5981
1.5916
1.6182
1.6584
1.6997
1.6685
1.6987
1.7278
1.7444
1.6901
1.6615
1.6484
1.7354
1.6957
1.6871
1.6590
1.6901
1.6937
1.6625
1.6635
1.6605
1.6916
1.6715
1.7102
1.7610
1.7233
1.7796
1.8677
1.8465
1.7570
1.7113
1.7309
1.7751
1.7661
1.7510
1.6952
1.7379
1.7605
1.7334
1.7057
1.7786
1.7042
1.7238
1.7726
1.7329
1.6916
1.6821
1.6449
1.6801
1.7289
1.7314
1.6705
1.7424
1.7766
1.7455
1.6926
1.7268
1.6987
1.6987
1.7309
1.7218
1.7268
1.7651
1.7470
1.7791
1.7585
1.7118
1.7183
1.7580
1.8169
1.7967
1.7842
1.7847
1.7535
1.7812
1.8138
1.7751
1.7545
1.7414
1.7113
1.7289
1.7862
1.8269
1.8380
1.7822
1.8234
1.7515
1.7278
1.7942
1.7802
1.6977
1.7289
1.8073
1.8123
1.7942
1.8355
1.7796
1.7585
1.7756
1.7983
1.7520
1.7817
1.7193
1.7042
1.7449
1.7555
1.7515
1.7590
1.7439
1.7123
1.8269
1.8259
1.8043
1.7812
1.7610
1.7123
1.7957
1.7399
1.7510
1.7812
1.8013
1.8395
1.8370
1.8340
1.7585
1.7862
1.8068
1.8113
1.7610
1.7465
1.7671
1.7278
1.7012
1.8028
1.7983
1.8928
1.8214
1.8113
1.8053
1.7892
1.8209
1.7580
1.7651
1.7374
1.7605
1.7988
1.8254
1.8360
1.8445
1.8511
1.8641
1.9099
1.8661
1.7827
1.8234
1.7706
1.7208
1.7374
1.7384
1.7173
1.7751
1.8118
1.8128
1.7862
1.7636
1.8013
1.8817
1.8682
1.8154
1.7429
1.7751
1.8199
1.8325
1.8304
1.8656
1.8566
1.8174
1.7786
1.8003
1.8702
1.8908
1.8848
1.8707
1.8496
1.7585
1.8083
1.8450
1.8405
1.8048
1.7681
1.8033
1.7998
1.8908
1.8651
1.8873
1.9335
1.9607
1.8827
1.8707
1.8812
1.8571
1.8073
1.8123
1.8380
1.8978
1.8586
1.8822
1.8687
1.8164
1.8299
1.7962
1.7615
1.7470
1.8511
1.8123
1.8279
1.8475
1.8425
1.8611
1.8536
1.8677
1.8581
1.8184
1.8410
1.8370
1.8128
1.7741
1.7978
1.7414
1.7429
1.8279
1.8269
1.8143
1.8289
1.8194
1.8309
1.8722
1.9446
1.9793
1.8983
1.9124
1.8702
1.8380
1.8350
1.8843
1.8702
1.8174
1.7756
1.8118
1.8149
1.8606
1.9054
1.8536
1.9003
1.8496
1.7932
1.8375
1.8330
1.8521
1.8475
1.8325
1.8425
1.9029
1.8943
1.8661
1.8470
1.8405
1.7847
1.7751
1.8516
1.8244
1.8355
1.8455
1.8501
1.8425
1.8491
1.8335
1.7967
1.7731
1.8083
1.8757
1.8742
1.8325
1.8516
1.8767
1.8757
1.8214
1.8335
1.8526
1.8254
1.9104
1.8455
1.7042
1.7555
1.7731
1.8093
1.8028
1.8677
1.9119
1.9014
1.9039
1.8732
1.8199
1.8742
1.8626
1.9174
1.8938
1.9210
1.8863
1.9034
1.9069
1.9386
1.9109
1.9003
1.8496
1.8340
1.8309
1.8214
1.8340
1.8214
1.8013
1.8395
1.7827
1.7615
1.7570
1.7439
1.7198
1.7590
1.7746
1.6916
1.7485
1.7681
1.7615
1.8083
1.8772
1.9059
1.8978
1.8702
1.8933
1.8556
1.7847
1.7957
1.8033
1.8521
1.8772
1.8757
1.8953
1.9411
1.9235
1.8767
1.9401
1.8893
1.8732
1.8732
1.8838
1.8702
1.8792
1.8450
1.8023
1.8838
1.9330
1.8827
1.8491
1.8013
1.8496
1.8757
1.9169
1.8727
1.8405
1.8586
1.8299
1.8189
1.8526
1.9406
1.9446
1.8843
1.8279
1.8149
1.8279
1.8289
1.8822
1.9124
1.9527
1.9094
1.9124
1.9330
1.9059
1.8772
1.9280
1.9215
1.8868
1.9356
1.8772
1.8752
1.8325
1.8616
1.9164
1.9039
1.8843
1.9190
1.9069
1.8440
1.8395
1.8259
1.8149
1.7857
1.7228
1.7490
1.7138
1.8380
1.8782
1.8958
1.8797
1.8656
1.9099
1.8988
1.8933
1.8536
1.8375
1.7917
1.8154
1.8279
1.8053
1.7796
1.8651
1.8244
1.8772
1.9079
1.8958
1.8928
1.9386
1.9315
1.8641
1.8234
1.8239
1.7927
1.7701
1.7304
1.7233
1.7278
1.7525
1.7314
1.7143
1.7213
1.6841
1.6866
1.7847
1.7862
1.8586
1.8420
1.8058
1.7897
1.7892
1.7449
1.7882
1.7756
1.7238
1.7490
1.7379
1.7711
1.7520
1.7525
1.7932
1.8214
1.8661
1.8998
1.9124
1.9129
1.8465
1.8189
1.8103
1.8149
1.7857
1.8289
1.7651
1.7379
1.7600
1.8194
1.7359
1.7379
1.8234
1.8033
1.7746
1.7439
1.7439
1.7309
1.7449
1.7656
1.8450
1.7983
1.8143
1.7872
1.8078
1.8656
1.8445
1.8511
1.7822
1.8149
1.8174
1.8194
1.7907
1.7349
1.7791
1.7721
1.7751
1.7882
1.7243
1.7615
1.7786
1.7580
1.8078
1.7610
1.8410
1.8375
1.8023
1.8616
1.8631
1.8863
1.8606
1.8963
1.8470
1.8314
1.8812
1.9265
1.8908
1.9074
1.9074
1.8792
1.8958
1.8998
1.9350
1.9285
1.9773
1.9708
1.8838
1.9210
1.8566
1.8687
1.8164
1.7786
1.7580
1.7138
1.6655
1.7686
1.8098
1.7384
1.7822
1.8058
1.7887
1.8827
1.8908
1.8843
1.8812
1.8661
1.8667
1.8682
1.8702
1.9003
1.9255
1.8581
1.9034
1.8943
1.9738
1.9149
1.9195
1.8752
1.9074
1.8777
1.8631
1.8868
1.9034
1.8526
1.8777
1.8958
1.9310
1.9989
2.0200
1.9843
1.9552
1.9657
1.9632
1.9828
1.9868
1.8822
1.9552
1.9733
2.0427
2.0497
2.0794
2.0381
2.0482
2.0266
1.9979
1.9868
1.9778
2.0130
1.9783
1.9315
1.8943
1.9099
1.9210
1.9527
1.8777
1.8541
1.8797
1.9381
1.9310
1.9567
1.9994
1.9129
1.9682
1.9421
1.8194
1.8410
1.7862
1.7847
1.8702
1.8702
1.8797
1.8566
1.8380
1.8682
1.8677
1.9295
1.9054
1.8752
1.9361
1.9632
1.9265
1.9124
1.8606
1.8309
1.8400
1.8380
1.8677
1.8591
1.8073
1.8325
1.8314
1.8314
1.8521
1.8445
1.8838
2.0075
1.9496
1.9310
1.9139
1.8838
1.8908
1.9381
1.9215
1.8868
1.8304
1.8611
1.9371
1.9210
1.9491
1.9094
1.8667
1.8586
1.9029
1.8752
1.8742
1.8304
1.8626
1.8843
1.8264
1.9079
1.9305
1.8732
1.8712
1.8938
1.9094
1.9200
1.9280
1.8822
1.8792
1.8465
1.8626
1.8848
1.8375
1.8244
1.8370
1.8123
1.7957
1.8138
1.8395
1.7495
1.7686
1.7942
1.8239
1.7812
1.8350
1.8450
1.9255
1.8571
1.8395
1.7827
1.7304
1.7334
1.7671
1.8149
1.8400
1.9315
1.8636
1.8113
1.8797
1.8873
1.8722
1.8707
1.8395
1.8470
1.8822
1.8174
1.7776
1.7791
1.8138
1.8375
1.8661
1.9637
1.8868
1.8722
1.9356
1.9190
1.9698
1.9350
2.0034
1.9698
1.9642
1.9627
1.9607
1.9682
1.9350
1.8757
1.8732
1.9144
1.8395
1.9124
1.8908
1.8651
1.8752
1.8541
1.8360
1.8340
1.7802
1.8028
1.8093
1.8335
1.8651
1.8395
1.8043
1.7786
1.7585
1.7862
1.8068
1.8118
1.8284
1.8485
1.8747
1.9361
1.9215
1.9079
1.8888
1.8822
1.8792
1.8465
1.9034
1.9069
1.9597
2.0210
1.8968
1.8817
1.9104
1.8898
1.9270
1.8913
1.8229
1.7817
1.7917
1.8234
1.8561
1.9009
1.8732
1.8511
1.9295
1.9451
1.9476
2.0241
2.0266
1.9129
1.8707
1.7726
1.8400
1.8687
1.9235
1.8983
1.8581
1.8073
1.8229
1.8023
1.7449
1.7118
1.8164
1.8174
1.8732
1.8606
1.8511
1.8143
1.8169
1.8189
1.7786
1.8450
1.8400
1.8048
1.8214
1.8008
1.8395
1.8149
1.8712
1.8928
1.8546
1.8797
1.9290
1.9361
1.9501
1.8777
1.8747
1.8098
1.9295
1.9255
1.8697
1.9215
1.9280
1.9335
1.9521
1.9421
1.9350
1.9290
1.9240
1.9109
1.8988
1.9144
1.9245
1.9964
1.9652
1.8767
1.8843
1.8606
1.8214
1.8631
1.9190
1.9386
1.9687
2.0190
1.9174
1.8958
1.9421
1.9984
1.9667
1.9642
1.8873
1.9039
1.8631
1.8450
1.9029
1.9386
1.8772
1.8229
1.8128
1.8475
1.8425
1.8591
1.8843
1.8556
1.9124
1.9024
1.8838
1.8697
1.7942
1.7932
1.7600
1.8284
1.8073
1.8677
1.8566
1.9129
1.8822
1.8988
1.9562
2.0170
1.9803
1.9104
1.9094
1.9537
1.8782
1.8767
1.9386
1.9547
1.9240
1.9939
2.0060
2.0024
1.9803
1.8586
1.7862
1.7983
1.8149
1.8395
1.8465
1.8843
1.9662
1.9632
1.9924
2.0140
1.9853
1.9984
1.9441
1.8938
1.9516
1.9516
1.9210
1.8546
1.9003
1.8299
1.8727
1.8812
1.9009
1.8938
1.9481
2.0050
1.9582
1.9687
1.9124
1.9441
2.0210
2.0236
1.9627
1.9617
1.9396
1.8470
1.8209
1.8335
1.8536
1.9003
1.8707
1.8189
1.8008
1.8475
1.9079
1.9190
1.8631
1.8546
1.9003
1.8712
1.8722
1.8496
1.8571
1.8511
1.8033
1.8606
1.9280
1.8606
1.9587
1.9356
1.9195
1.9496
1.9094
1.8968
1.8702
1.8697
1.9003
1.7882
1.7882
1.7756
1.7791
1.7706
1.7751
1.7661
1.8149
1.8299
1.8058
1.8234
1.8350
1.8757
1.8732
1.8742
1.9687
1.9547
1.9964
2.0170
1.9074
1.8450
1.8732
1.8802
1.8475
1.8626
1.8812
1.8465
1.8521
1.7937
1.7796
1.8033
1.7776
1.7374
1.7917
1.8113
1.8470
1.8541
1.9003
1.9245
1.8888
1.8526
1.9210
1.8853
1.9562
1.9874
1.9582
1.8797
1.9411
1.9547
1.8606
1.8516
1.8546
1.8470
1.7892
1.7988
1.8702
1.8169
1.8289
1.8174
1.8199
1.8118
1.7515
1.7917
1.7379
1.7696
1.8465
1.8767
1.7897
1.7983
1.7952
1.7520
1.7907
1.8314
1.8209
1.8420
1.8687
1.8491
1.8103
1.8797
1.8541
1.9124
1.9119
1.9325
1.9164
1.8420
1.7857
1.7942
1.6957
1.8043
1.7998
1.8149
1.8189
1.8405
1.8687
1.8908
1.8641
1.8430
1.8827
1.8259
1.8687
1.8164
1.8511
1.8863
1.8722
1.7962
1.7631
1.7887
1.7580
1.7651
1.7173
1.7449
1.7233
1.7163
1.6605
1.6469
1.7369
1.7158
1.7429
1.7535
1.8143
1.8707
1.8697
1.8702
1.8707
1.9340
1.9592
1.9260
1.8511
1.8873
1.9466
1.8848
1.8375
1.8455
1.8093
1.8888
1.8626
1.8304
1.8199
1.8229
1.8234
1.8661
1.7822
1.7610
1.7470
1.7369
1.7047
1.8093
1.7580
1.7344
1.7776
1.7786
1.7701
1.7520
1.7173
1.7867
1.7978
1.7515
1.7067
1.6725
1.6474
1.6836
1.8138
1.8586
1.8284
1.8184
1.7776
1.7791
1.7952
1.8023
1.8093
1.8023
1.8093
1.8656
1.8239
1.8983
1.8702
1.8380
1.7817
1.8048
1.8098
1.8033
1.7766
1.7470
1.7771
1.8541
1.8898
1.9376
1.9909
1.9592
1.9456
1.8843
1.8913
1.9074
1.8978
1.9009
1.8918
1.8873
1.8511
1.8123
1.8154
1.8078
1.7912
1.7897
1.7565
1.7857
1.7419
1.7419
1.7515
1.7490
1.7354
1.6745
1.7555
1.8143
1.7731
1.8003
1.7942
1.8028
1.7882
1.7233
1.7490
1.6816
1.6675
1.6957
1.7495
1.6836
1.7082
1.6952
1.7213
1.7570
1.7957
1.8048
1.8521
1.7817
1.7495
1.6207
1.6615
1.7027
1.7233
1.6856
1.7198
1.7786
1.7379
1.7696
1.7932
1.8656
1.7817
1.7610
1.7465
1.8138
1.7746
1.8199
1.7585
1.7314
1.7238
1.7706
1.7525
1.7817
1.7827
1.7610
1.8083
1.8355
1.7998
1.7439
1.7228
1.7369
1.7701
1.7837
1.7520
1.8138
1.7957
1.7822
1.7721
1.7962
1.7711
1.7952
1.7299
1.7535
1.6771
1.6715
1.6464
1.6715
1.7419
1.7837
1.7625
1.7148
1.7012
1.6237
1.6544
1.6901
1.6916
1.7052
1.7042
1.6700
1.7188
1.8214
1.8008
1.8289
1.8073
1.8536
1.8792
1.8566
1.8475
1.8410
1.8395
1.8143
1.6801
1.6841
1.6675
1.7077
1.6836
1.7208
1.6605
1.6715
1.5931
1.6303
1.5820
1.6449
1.6237
1.6001
1.6253
1.6982
1.7168
1.7128
1.7092
1.6952
1.7485
1.7168
1.6695
1.6439
1.6484
1.6826
1.7384
1.7082
1.7047
1.6826
1.7299
1.7228
1.6952
1.6856
1.7404
1.7525
1.6650
1.6725
1.6901
1.7233
1.7284
1.6469
1.6072
1.6192
1.6313
1.6469
1.6398
1.6444
1.6670
1.6861
1.6786
1.6745
1.6886
1.7344
1.8304
1.7641
1.7268
1.7309
1.7535
1.7082
1.7072
1.6509
1.7163
1.7444
1.7962
1.8667
1.8360
1.8234
1.8123
1.7097
1.7168
1.6182
1.6584
1.6474
1.6916
1.6937
1.7374
1.7284
1.7304
1.7962
1.8048
1.8526
1.8978
1.9773
1.9185
1.8380
1.8164
1.8596
1.8199
1.7585
1.7113
1.7822
1.7510
1.7791
1.7907
1.7786
1.7379
1.8556
1.8817
1.8445
1.8199
1.8526
1.8465
1.7867
1.7641
1.8149
1.8073
1.7585
1.7867
1.7334
1.6383
1.5800
1.6112
1.5880
1.6278
1.5931
1.6092
1.5684
1.6112
1.7173
1.7022
1.7007
1.6484
1.6916
1.7580
1.7218
1.7344
1.7455
1.7354
1.7580
1.7324
1.6821
1.6977
1.6750
1.6499
1.7158
1.7218
1.7374
1.7052
1.7354
1.7374
1.6730
1.7022
1.7208
1.7253
1.8043
1.8219
1.8863
1.8727
1.8299
1.8591
1.8616
1.8299
1.8827
1.9426
1.9235
1.8465
1.8943
1.8883
1.9371
1.9190
1.8752
1.8747
1.9235
1.9637
1.9200
1.8777
1.8234
1.8033
1.8078
1.8641
1.8661
1.8561
1.8591
1.8727
1.8616
1.9356
1.8888
1.8194
1.8098
1.7942
1.7158
1.7354
1.7565
1.7746
1.7882
1.7731
1.7444
1.7002
1.7329
1.6816
1.6856
1.6569
1.6579
1.6026
1.6705
1.6323
1.6066
1.5865
1.6162
1.6469
1.6816
1.7173
1.8189
1.7580
1.7540
1.7289
1.7535
1.8033
1.8199
1.8219
1.7711
1.7751
1.7766
1.7354
1.7072
1.6720
1.6685
1.7500
1.7590
1.6600
1.6901
1.7143
1.7097
1.7605
1.6926
1.6413
1.7173
1.7233
1.7495
1.7791
1.8229
1.8229
1.8013
1.8511
1.7600
1.7766
1.7776
1.7585
1.7007
1.7228
1.7067
1.7143
1.6680
1.6776
1.6926
1.6630
1.6725
1.6484
1.6072
1.6836
1.7500
1.7057
1.7032
1.7444
1.6801
1.6942
1.7379
1.7077
1.7912
1.7796
1.8541
1.8043
1.7887
1.7882
1.8083
1.7600
1.8184
1.7485
1.7032
1.7027
1.6906
1.6514
1.7470
1.7243
1.6429
1.7113
1.7937
1.7475
1.8958
1.8998
1.9029
1.8843
1.8817
1.8138
1.8169
1.7766
1.7243
1.7937
1.8340
1.8103
1.7932
1.7701
1.8073
1.7897
1.7791
1.8008
1.8611
1.8631
1.8123
1.7842
1.7419
1.7952
1.7822
1.7605
1.7027
1.7123
1.7309
1.7565
1.7862
1.8164
1.8194
1.8103
1.7817
1.7822
1.7942
1.8023
1.7656
1.6962
1.6539
1.6333
1.6605
1.6695
1.7092
1.7384
1.7419
1.7299
1.7641
1.7475
1.6725
1.6695
1.6675
1.6323
1.6816
1.6554
1.7082
1.7173
1.6383
1.6856
1.6997
1.7208
1.7681
1.7289
1.6796
1.7475
1.7455
1.7988
1.7525
1.8244
1.8008
1.7967
1.8053
1.8526
1.8455
1.7560
1.7228
1.7485
1.7776
1.8023
1.7651
1.7258
1.7625
1.6942
1.7791
1.7917
1.7258
1.7610
1.7786
1.7600
1.6957
1.7600
1.7656
1.6866
1.6987
1.7208
1.6942
1.7057
1.6725
1.6891
1.6811
1.7193
1.8304
1.7631
1.7470
1.7776
1.7907
1.7686
1.7615
1.7887
1.7545
1.7193
1.6836
1.7082
1.7052
1.6730
1.6776
1.7032
1.7032
1.7233
1.7384
1.7696
1.7952
1.8138
1.8465
1.8113
1.7721
1.7962
1.8244
1.8682
1.8682
1.7912
1.8113
1.8259
1.8677
1.8138
1.7857
1.8395
1.8254
1.8566
1.8496
1.8003
1.7967
1.7822
1.7726
1.7535
1.7711
1.7439
1.7419
1.8068
1.8209
1.8682
1.7847
1.8164
1.8405
1.8259
1.8375
1.7907
1.8113
1.8053
1.7897
1.7882
1.8184
1.8526
1.8667
1.8254
1.7515
1.7907
1.7892
1.7555
1.8264
1.7731
1.7455
1.8073
1.7148
1.7012
1.7324
1.8309
1.8194
1.8199
1.8848
1.8496
1.8008
1.8400
1.8264
1.7399
1.7304
1.8385
1.8143
1.7978
1.7817
1.7827
1.8284
1.9034
1.8501
1.7932
1.7686
1.7208
1.6937
1.6745
1.6901
1.7882
1.8078
1.8440
1.8928
1.8350
1.7897
1.7349
1.8325
1.8420
1.7957
1.7404
1.7751
1.7545
1.7198
1.6725
1.7429
1.7208
1.6952
1.6630
1.7047
1.6916
1.6625
1.7258
1.7299
1.7007
1.7007
1.7429
1.7842
1.7726
1.7656
1.7817
1.8043
1.8752
1.8516
1.8239
1.7827
1.7610
1.7349
1.7047
1.7243
1.7932
1.8008
1.8707
1.8591
1.9245
1.8898
1.9481
1.8752
1.8425
1.8164
1.8626
1.8631
1.8023
1.7092
1.7163
1.7656
1.7696
1.7636
1.7897
1.7449
1.6484
1.6509
1.6519
1.6424
1.6569
1.7097
1.7495
1.7907
1.7671
1.6750
1.6911
1.7354
1.8008
1.7721
1.7631
1.7681
1.7917
1.7686
1.6771
1.7369
1.6740
1.6911
1.6926
1.7475
1.6811
1.7289
1.7751
1.7766
1.7771
1.7374
1.7148
1.7329
1.6942
1.8485
1.8189
1.8732
1.8304
1.7967
1.6982
1.8048
1.8209
1.8430
1.8913
1.8968
1.8164
1.8279
1.8164
1.8722
1.8078
1.7912
1.8098
1.7927
1.7892
1.7887
1.8314
1.7545
1.7183
1.6630
1.6494
1.6519
1.7470
1.7756
1.7565
1.8259
1.8154
1.7455
1.6901
1.6610
1.7233
1.7600
1.7022
1.7641
1.7470
1.8199
1.8023
1.8103
1.8455
1.7344
1.7369
1.7812
1.8013
1.7766
1.7656
1.7590
1.7324
1.7771
1.7796
1.8123
1.7741
1.7349
1.7771
1.8194
1.8631
1.8440
1.8289
1.7636
1.7470
1.7565
1.7952
1.7711
1.7741
1.7862
1.8068
1.7369
1.8023
1.7651
1.7384
1.7600
1.7238
1.6745
1.7751
1.7455
1.7238
1.7183
1.7756
1.8802
1.8661
1.8455
1.8093
1.7796
1.8023
1.7545
1.7837
1.7812
1.7610
1.7138
1.7304
1.7213
1.7379
1.7384
1.7696
1.8053
1.7570
1.7847
1.7419
1.7304
1.7369
1.7278
1.6766
1.7243
1.7168
1.7545
1.8254
1.8244
1.9109
1.9200
1.8742
1.8827
1.9009
1.8712
1.8284
1.7957
1.8350
1.8636
1.8546
1.7625
1.7651
1.8123
1.8058
1.7671
1.6987
1.7299
1.7424
1.7651
1.7600
1.7962
1.7932
1.7917
1.7776
1.7897
1.8314
1.7771
1.8113
1.8455
1.8722
1.9255
1.8279
1.8712
1.8586
1.8189
1.8521
1.8571
1.7967
1.8355
1.8450
1.9024
1.9371
1.9421
1.9446
1.8501
1.8767
1.8330
1.8093
1.9084
1.8873
1.8928
1.9511
1.9174
1.8838
1.9225
1.9084
1.9210
1.9381
1.9728
1.9371
1.9708
1.9356
1.9723
1.9029
1.8938
1.8340
1.7802
1.8239
1.8767
1.8853
1.8279
1.8485
1.9054
1.8953
1.9190
1.8123
1.7847
1.8370
1.8661
1.8556
1.8068
1.8747
1.9466
1.8516
1.8350
1.8656
1.9084
1.8355
1.8330
1.7681
1.8254
1.8128
1.8511
1.9190
1.9154
1.9265
1.9637
1.9305
1.9029
1.9164
1.8511
1.8767
1.8541
1.9521
1.9315
1.8631
1.8963
1.8581
1.8918
1.8757
1.9039
1.8848
1.8491
1.7962
1.7726
1.7535
1.7278
1.7520
1.8123
1.7525
1.7495
1.7369
1.7485
1.7897
1.7867
1.8596
1.8314
1.8380
1.8581
1.7857
1.8053
1.7791
1.8641
1.9069
1.8234
1.7590
1.7555
1.8073
1.8314
1.7867
1.7525
1.7822
1.8143
1.8058
1.8430
1.8687
1.8702
1.8918
1.9381
1.9104
1.9527
1.9305
1.8843
1.8475
1.7796
1.7585
1.7962
1.8254
1.7937
1.8546
1.8792
1.8888
1.9255
1.8475
1.7686
1.7278
1.6791
1.6298
1.6358
1.6826
1.6127
1.6444
1.6474
1.6519
1.7605
1.7978
1.8149
1.7641
1.7369
1.7796
1.8661
1.8450
1.8194
1.7892
1.8611
1.9069
1.8747
1.8098
1.7817
1.7817
1.7495
1.7892
1.8113
1.7379
1.6529
1.6650
1.7052
1.6926
1.7475
1.7681
1.8028
1.7233
1.6972
1.7183
1.7560
1.7726
1.7555
1.7419
1.7198
1.8003
1.8058
1.7681
1.7299
1.7118
1.7535
1.7077
1.8028
1.7857
1.7756
1.7661
1.7394
1.7399
1.8053
1.8189
1.8742
1.8194
1.8636
1.8023
1.7962
1.7812
1.7721
1.7942
1.7726
1.7429
1.8214
1.8234
1.8661
1.8465
1.8516
1.8350
1.8752
1.9687
1.8687
1.8797
1.8752
1.7912
1.7998
1.7515
1.8978
1.8259
1.8370
1.8873
1.8516
1.8566
1.7847
1.8687
1.8893
1.9164
1.9572
1.8817
1.8360
1.8008
1.8194
1.7892
1.7771
1.8420
1.8465
1.8330
1.7978
1.7957
1.7379
1.7067
1.7374
1.7490
1.7585
1.7424
1.7952
1.7399
1.7394
1.7827
1.8792
1.8767
1.8536
1.8782
1.8757
1.8626
1.8118
1.8360
1.8143
1.8385
1.8028
1.7344
1.7359
1.7696
1.7937
1.8138
1.7535
1.7721
1.7424
1.7419
1.6997
1.7314
1.7233
1.7812
1.8571
1.8496
1.8747
1.8214
1.8410
1.7962
1.8566
1.7857
1.7862
1.8596
1.8928
1.8978
1.8314
1.7771
1.7570
1.7439
1.7097
1.6962
1.7309
1.7439
1.6911
1.7359
1.7455
1.6926
1.6630
1.6836
1.7615
1.7238
1.7721
1.7842
1.7525
1.7082
1.7857
1.7651
1.7701
1.7198
1.7676
1.7721
1.7439
1.6579
1.7540
1.7827
1.8143
1.7967
1.7404
1.7500
1.6972
1.6429
1.7092
1.7817
1.8566
1.8501
1.7822
1.8028
1.7565
1.7314
1.7882
1.7233
1.6861
1.7721
1.7751
1.7570
1.7625
1.7354
1.8118
1.7937
1.7917
1.8113
1.7168
1.7042
1.6891
1.6931
1.7138
1.7092
1.6529
1.6640
1.6615
1.6730
1.6459
1.6283
1.6871
1.6911
1.7455
1.8516
1.8335
1.8536
1.9426
1.9340
1.9285
1.7545
1.7605
1.7887
1.7998
1.8174
1.8309
1.9034
1.8098
1.8450
1.8606
1.8118
1.7600
1.7138
1.7208
1.7686
1.7520
1.7706
1.7515
1.7585
1.7967
1.7842
1.6972
1.6776
1.6952
1.7917
1.7998
1.8802
1.8667
1.8898
1.8943
1.8360
1.8420
1.8496
1.7490
1.7465
1.8078
1.7711
1.8078
1.7369
1.7585
1.8395
1.7837
1.7419
1.8143
1.7455
1.7766
1.7057
1.7027
1.7143
1.7304
1.7656
1.7485
1.7359
1.8008
1.7439
1.7636
1.7163
1.6906
1.6931
1.7052
1.6298
1.6906
1.7007
1.7123
1.7500
1.7485
1.7681
1.8380
1.8450
1.8299
1.8395
1.7615
1.7138
1.7419
1.7102
1.7600
1.8405
1.7092
1.6429
1.7424
1.7208
1.7369
1.7057
1.6625
1.6383
1.6962
1.7731
1.8279
1.7847
1.7962
1.7379
1.8143
1.8596
1.8309
1.8078
1.8013
1.8496
1.8314
1.8314
1.7349
1.6836
1.6982
1.7510
1.7168
1.7641
1.8893
1.8309
1.8526
1.8571
1.7962
1.7812
1.7610
1.7022
1.6821
1.7289
1.7842
1.7726
1.7444
1.7012
1.7424
1.7208
1.6836
1.6776
1.6187
1.6705
1.6982
1.7786
1.7163
1.7651
1.7168
1.7123
1.6987
1.6564
1.6972
1.7414
1.7837
1.8154
1.8189
1.7988
1.7540
1.6977
1.7082
1.7490
1.7258
1.7490
1.7701
1.7404
1.7097
1.7268
1.6791
1.7369
1.7475
1.7676
1.7932
1.7485
1.7791
1.8118
1.8154
1.8511
1.8430
1.8078
1.7686
1.7610
1.7766
1.8445
1.8928
1.7907
1.8174
1.7867
1.7872
1.7535
1.8033
1.7978
1.7636
1.7253
1.7193
1.7656
1.8335
1.8430
1.7967
1.7289
1.7419
1.7299
1.6916
1.6509
1.6419
1.6137
1.5916
1.6232
1.6197
1.7032
1.7329
1.7892
1.8083
1.8767
1.8526
1.8259
1.8757
1.7892
1.7887
1.8083
1.7610
1.7555
1.7942
1.8244
1.7822
1.7399
1.7299
1.7510
1.7701
1.7731
1.7967
1.8138
1.7867
1.7636
1.7374
1.7585
1.7867
1.7555
1.8254
1.7937
1.7701
1.7837
1.7610
1.7344
1.7253
1.7605
1.7148
1.6564
1.6982
1.7213
1.7042
1.7042
1.6796
1.7470
1.7138
1.7525
1.7278
1.7625
1.6514
1.7610
1.7661
1.7696
1.7520
1.7168
1.7128
1.6776
1.6816
1.6740
1.6816
1.7268
1.7092
1.7475
1.7470
1.8199
1.7671
1.7193
1.6942
1.6403
1.7631
1.7776
1.7570
1.7751
1.7671
1.7711
1.6579
1.7077
1.7168
1.6821
1.6539
1.6766
1.6811
1.6655
1.7585
1.7766
1.7238
1.7384
1.7605
1.8078
1.8440
1.7988
1.6786
1.6821
1.6977
1.7092
1.6750
1.6590
1.7414
1.7218
1.6846
1.7827
1.8340
1.8123
1.7741
1.7439
1.7329
1.6826
1.6871
1.6685
1.6655
1.7052
1.7570
1.7429
1.6987
1.7625
1.7570
1.8491
1.8425
1.7847
1.7092
1.6977
1.7625
1.7138
1.6685
1.6861
1.6675
1.7183
1.7123
1.7304
1.7027
1.6796
1.6942
1.7495
1.7998
1.8073
1.7580
1.7867
1.7957
1.7379
1.6755
1.7535
1.7600
1.7449
1.7027
1.6791
1.6942
1.7912
1.8013
1.7746
1.7872
1.7756
1.7882
1.7766
1.7580
1.7429
1.7952
1.8043
1.7661
1.7907
1.7771
1.8028
1.8184
1.8727
1.8822
1.8370
1.8445
1.7756
1.8214
1.8546
1.9003
1.8385
1.7726
1.8068
1.7258
1.8375
1.8445
1.8516
1.8335
1.7585
1.8164
1.8093
1.7812
1.7495
1.8023
1.8299
1.8073
1.7812
1.7802
1.7696
1.8355
1.7927
1.7379
1.7278
1.7625
1.7253
1.6766
1.7439
1.7766
1.7791
1.7796
1.8123
1.8048
1.7565
1.7636
1.8229
1.8450
1.8299
1.7540
1.7731
1.7746
1.7962
1.7631
1.8536
1.8259
1.7515
1.7263
1.7314
1.7651
1.7812
1.7812
1.8229
1.7520
1.7399
1.7812
1.7827
1.8254
1.8154
1.8073
1.7796
1.8445
1.8496
1.7917
1.7369
1.7580
1.7766
1.7661
1.8143
1.7957
1.7072
1.8103
1.7837
1.8546
1.8475
1.7892
1.7766
1.7047
1.7138
1.8053
1.7354
1.7475
1.7570
1.7631
1.7676
1.8028
1.7651
1.8350
1.7686
1.6886
1.6605
1.7002
1.6685
1.6484
1.7042
1.7128
1.6982
1.7842
1.7711
1.6916
1.7233
1.7072
1.7359
1.7796
1.7796
1.7701
1.7862
1.6474
1.7012
1.7198
1.6942
1.6534
1.7082
1.7354
1.8812
1.8239
1.7188
1.7354
1.7243
1.8254
1.7721
1.7867
1.7857
1.8053
1.7786
1.7580
1.7636
1.7897
1.8189
1.8098
1.8757
1.8757
1.9280
1.8802
1.8380
1.7706
1.7299
1.7334
1.7022
1.6906
1.6705
1.6906
1.7022
1.6353
1.6972
1.7379
1.7495
1.7470
1.7238
1.7268
1.7097
1.7173
1.7334
1.7560
1.7419
1.7113
1.7520
1.7907
1.7258
1.7072
1.7570
1.6685
1.7077
1.6740
1.7113
1.6650
1.7163
1.6811
1.7047
1.7027
1.6590
1.6368
1.6519
1.6519
1.5890
1.6685
1.6655
1.6424
1.6444
1.6564
1.7208
1.7465
1.7128
1.7741
1.7128
1.7726
1.7656
1.7696
1.8566
1.8591
1.8843
1.9014
1.7978
1.7092
1.7284
1.7751
1.7671
1.7490
1.7570
1.6891
1.6584
1.6474
1.6821
1.6429
1.7208
1.7590
1.7525
1.8043
1.8209
1.8631
1.8314
1.7455
1.7228
1.7379
1.7379
1.6997
1.7092
1.7077
1.7455
1.7228
1.7168
1.7444
1.7424
1.7731
1.7449
1.7746
1.7238
1.6972
1.7072
1.7887
1.8199
1.8752
1.8420
1.7842
1.7520
1.8128
1.7334
1.7455
1.7444
1.7329
1.7681
1.7475
1.7253
1.6881
1.6464
1.6700
1.7309
1.6791
1.6630
1.6720
1.6987
1.7404
1.7097
1.6846
1.7520
1.6841
1.7218
1.7495
1.8008
1.8073
1.6846
1.7404
1.7625
1.7455
1.7334
1.7143
1.7198
1.7369
1.7470
1.6720
1.6569
1.6263
1.6343
1.6273
1.6881
1.6796
1.7012
1.7123
1.6650
1.6725
1.6579
1.7213
1.8732
1.7862
1.7444
1.8802
1.8450
1.8304
1.7656
1.7072
1.7128
1.7102
1.6771
1.6615
1.6172
1.7002
1.6987
1.7238
1.7052
1.6821
1.6886
1.6373
1.6846
1.7092
1.7897
1.8003
1.8475
1.8199
1.8113
1.8254
1.7615
1.7470
1.7882
1.8606
1.8083
1.8128
1.7862
1.7359
1.7796
1.7822
1.7289
1.7208
1.7485
1.7771
1.7570
1.7525
1.7495
1.7565
1.6886
1.6700
1.6982
1.6977
1.6881
1.6484
1.6916
1.7570
1.7218
1.6393
1.6766
1.6816
1.6227
1.7158
1.6886
1.6600
1.6484
1.6821
1.6750
1.7983
1.7535
1.7284
1.7309
1.7766
1.7771
1.7032
1.6911
1.6715
1.6368
1.5906
1.5518
1.5579
1.5820
1.5800
1.6187
1.6720
1.6343
1.6615
1.6705
1.7414
1.7525
1.6856
1.6891
1.6705
1.6766
1.6931
1.6846
1.7092
1.6635
1.6303
1.6514
1.6529
1.6308
1.7027
1.6926
1.6911
1.6102
1.6424
1.6353
1.7228
1.6866
1.6987
1.7625
1.7892
1.7238
1.6755
1.6700
1.7299
1.8395
1.8661
1.7766
1.7892
1.7449
1.7545
1.7289
1.8053
1.7912
1.8405
1.8033
1.7771
1.8309
1.8606
1.8199
1.8103
1.8244
1.8244
1.7842
1.7610
1.7676
1.7711
1.7289
1.7636
1.7791
1.7495
1.7791
1.7802
1.7701
1.6776
1.6926
1.7475
1.7565
1.7520
1.7706
1.7636
1.7786
1.7354
1.7485
1.8003
1.7942
1.8138
1.7495
1.8123
1.7304
1.7314
1.6705
1.7520
1.7711
1.7756
1.7228
1.6942
1.6635
1.7027
1.7243
1.7278
1.7188
1.7369
1.7701
1.7525
1.6972
1.6745
1.7218
1.7817
1.7711
1.7424
1.7097
1.7284
1.7540
1.7605
1.7540
1.7414
1.6866
1.6911
1.6715
1.6977
1.7193
1.7545
1.6987
1.7615
1.6610
1.6811
1.6640
1.6826
1.6429
1.6670
1.6962
1.7278
1.6771
1.7173
1.7012
1.7535
1.7711
1.7429
1.7625
1.7696
1.7605
1.7349
1.7988
1.7957
1.8143
1.8068
1.7907
1.7671
1.7193
1.6911
1.6398
1.6771
1.7042
1.7233
1.7384
1.7183
1.7123
1.7394
1.8485
1.8309
1.7651
1.7590
1.7978
1.8048
1.7671
1.7701
1.8485
1.8400
1.7631
1.7233
1.8053
1.7872
1.7661
1.7158
1.7324
1.7449
1.7746
1.7465
1.7867
1.8174
1.8410
1.8355
1.7892
1.7776
1.8561
1.8465
1.8742
1.8943
1.8536
1.8792
1.8335
1.8420
1.8048
1.9169
1.8626
1.7983
1.8269
1.8491
1.8747
1.8838
1.8893
1.8838
1.8299
1.7962
1.8445
1.8943
1.8556
1.8792
1.8491
1.8641
1.8330
1.8631
1.7892
1.7455
1.7882
1.7213
1.6957
1.7605
1.8068
1.8229
1.8229
1.7812
1.7605
1.7872
1.7444
1.7424
1.7731
1.7967
1.8169
1.7771
1.7771
1.8219
1.8445
1.7867
1.8078
1.7470
1.7349
1.7485
1.7354
1.7253
1.6987
1.6987
1.6559
1.6564
1.6982
1.6655
1.6640
1.7359
1.7439
1.7746
1.8385
1.8043
1.7988
1.7198
1.6931
1.7143
1.7631
1.7143
1.6886
1.5644
1.5347
1.5538
1.5483
1.5835
1.7309
1.7540
1.7701
1.7962
1.9129
1.9119
1.9003
1.8511
1.8752
1.9149
1.8702
1.7756
1.8299
1.7857
1.7962
1.8138
1.8169
1.8722
1.8093
1.7676
1.7625
1.7042
1.7439
1.7238
1.6720
1.7208
1.7148
1.7414
1.8073
1.8219
1.8335
1.8526
1.7605
1.7545
1.7641
1.7470
1.6811
1.6539
1.7077
1.6519
1.6419
1.6041
1.6776
1.7263
1.7304
1.7329
1.7641
1.7258
1.7289
1.7012
1.6891
1.6298
1.7610
1.7465
1.7545
1.7399
1.8360
1.7802
1.7510
1.7776
1.7681
1.7188
1.7756
1.8521
1.8350
1.7394
1.8254
1.7927
1.8214
1.8561
1.7942
1.7168
1.7007
1.7102
1.6962
1.7399
1.7812
1.6871
1.6695
1.7188
1.7872
1.7545
1.6982
1.6881
1.7007
1.6891
1.7625
1.7882
1.7882
1.7329
1.8093
1.7932
1.8209
1.7917
1.8219
1.7475
1.7892
1.7238
1.7284
1.7314
1.8078
1.7912
1.7560
1.6987
1.7198
1.7258
1.7686
1.8264
1.8254
1.8983
1.8707
1.8380
1.8128
1.7097
1.7072
1.7263
1.6982
1.6871
1.6680
1.7082
1.7791
1.7374
1.7183
1.7746
1.7676
1.7610
1.7253
1.6866
1.7334
1.6816
1.6841
1.6776
1.6826
1.6987
1.6554
1.6554
1.7077
1.7485
1.6826
1.6871
1.6796
1.6398
1.6137
1.6333
1.6288
1.6579
1.6378
1.6972
1.7077
1.6952
1.6856
1.6142
1.5820
1.6534
1.6861
1.7097
1.6439
1.7535
1.7701
1.7419
1.7414
1.7837
1.7309
1.7439
1.7636
1.7263
1.8154
1.7937
1.8008
1.8822
1.8667
1.8350
1.8118
1.7183
1.7143
1.7439
1.7721
1.7847
1.8375
1.7912
1.7042
1.7560
1.7615
1.7676
1.6755
1.6801
1.6856
1.6730
1.6569
1.6147
1.6041
1.6373
1.6001
1.6459
1.6368
1.5986
1.5830
1.6424
1.6776
1.7138
1.7535
1.7183
1.6700
1.6972
1.6972
1.7615
1.6590
1.6343
1.6298
1.6353
1.7349
1.5976
1.6554
1.6977
1.7284
1.7002
1.7424
1.8164
1.7651
1.7173
1.6675
1.7289
1.7213
1.7138
1.7726
1.7444
1.7022
1.6886
1.6916
1.7545
1.7615
1.7791
1.7786
1.7907
1.7676
1.7495
1.7349
1.7042
1.6509
1.6836
1.6544
1.7092
1.7384
1.7610
1.7429
1.7429
1.7842
1.8254
1.7847
1.7304
1.7540
1.7515
1.7379
1.7183
1.7027
1.6791
1.6952
1.7590
1.6811
1.7485
1.7570
1.7123
1.7802
1.6972
1.6554
1.7082
1.7168
1.7228
1.6952
1.7042
1.7027
1.7751
1.8189
1.8641
1.8958
1.9617
1.9074
1.8958
1.9220
1.8340
1.8098
1.7837
1.8566
1.8928
1.9069
1.8873
1.9547
1.9527
1.9215
1.9280
1.8817
1.8149
1.8058
1.7681
1.7625
1.7465
1.7882
1.7656
1.7263
1.7394
1.7510
1.7173
1.7102
1.7072
1.6615
1.6403
1.6439
1.6373
1.6413
1.6353
1.7148
1.6162
1.6791
1.6841
1.7304
1.7535
1.7188
1.6926
1.6937
1.6413
1.6786
1.7243
1.7067
1.7796
1.7475
1.7354
1.7268
1.7615
1.8083
1.8028
1.8229
1.8566
1.8591
1.8299
1.7862
1.8058
1.7887
1.8304
1.9029
1.8526
1.8561
1.8264
1.7942
1.8335
1.7892
1.8511
1.8028
1.7771
1.7892
1.8083
1.7822
1.8028
1.7766
1.8113
1.7731
1.8164
1.8400
1.8360
1.7917
1.7671
1.8370
1.8199
1.8219
1.7791
1.7183
1.7882
1.7424
1.8068
1.8118
1.7932
1.8128
1.7776
1.7268
1.8164
1.8395
1.8043
1.8309
1.8501
1.8340
1.8742
1.8727
1.8606
1.9144
1.9119
1.8918
1.9079
1.8541
1.8048
1.7887
1.7887
1.7751
1.7726
1.7857
1.8496
1.8325
1.8516
1.8335
1.8752
1.7771
1.7475
1.7661
1.7600
1.8184
1.7887
1.7671
1.7369
1.7585
1.7756
1.8103
1.7932
1.7263
1.7399
1.7455
1.7545
1.7304
1.7641
1.8541
1.8053
1.8199
1.8209
1.8314
1.8843
1.9109
1.9003
1.9139
1.9547
1.8797
1.8445
1.7872
1.7641
1.8013
1.7962
1.6745
1.7676
1.8234
1.7822
1.8450
1.9024
1.8727
1.8707
1.8370
1.8355
1.8103
1.8370
1.8325
1.8199
1.8626
1.8868
1.8496
1.8229
1.7600
1.7444
1.7424
1.7465
1.7525
1.7726
1.7746
1.8284
1.8591
1.8199
1.9049
1.9069
1.9406
1.9210
1.8983
1.8465
1.8501
1.8239
1.8239
1.8355
1.8113
1.8355
1.7590
1.7314
1.6916
1.7042
1.7138
1.6564
1.6776
1.7128
1.6791
1.7455
1.7253
1.7399
1.7394
1.7802
1.8546
1.8375
1.8138
1.7952
1.7726
1.8269
1.7741
1.7540
1.7600
1.7756
1.7263
1.7394
1.7379
1.7500
1.6841
1.7721
1.7525
1.6881
1.6046
1.6700
1.6353
1.5885
1.6569
1.7102
1.7173
1.7349
1.6610
1.6635
1.7032
1.7455
1.7756
1.7983
1.7842
1.8053
1.8526
1.7817
1.8033
1.7455
1.7022
1.7429
1.7962
1.8254
1.8475
1.8299
1.7444
1.6911
1.7138
1.7324
1.7027
1.7862
1.8279
1.8375
1.9406
1.9547
1.8375
1.8239
1.8355
1.8214
1.8656
1.8641
1.8013
1.8405
1.8802
1.8978
1.8687
1.8772
1.8440
1.8078
1.8606
1.7983
1.7942
1.7490
1.7681
1.8048
1.7766
1.7791
1.6942
1.7168
1.7429
1.7007
1.6901
1.6811
1.7278
1.7414
1.7314
1.7424
1.7862
1.7520
1.8269
1.7520
1.8350
1.7560
1.7198
1.6926
1.7047
1.6625
1.6590
1.7545
1.7721
1.7540
1.7812
1.8254
1.8355
1.7802
1.8013
1.7882
1.7867
1.7842
1.8254
1.8164
1.8174
1.7892
1.8073
1.7490
1.7661
1.7284
1.6127
1.5951
1.5865
1.6368
1.6610
1.7123
1.7741
1.7756
1.7882
1.7746
1.7545
1.7424
1.7837
1.7625
1.8098
1.8138
1.7540
1.7817
1.8013
1.8078
1.8138
1.8269
1.8264
1.7520
1.7706
1.7198
1.7349
1.7163
1.6906
1.7661
1.7490
1.7354
1.7686
1.7857
1.7741
1.7444
1.7535
1.6861
1.7213
1.7158
1.7429
1.7525
1.8546
1.8998
1.9567
1.8596
1.7771
1.8219
1.8314
1.8103
1.7917
1.8113
1.7726
1.7238
1.8234
1.8355
1.8003
1.7952
1.8898
1.8309
1.7766
1.7882
1.7661
1.8113
1.7726
1.7329
1.7776
1.7042
1.7329
1.7555
1.6569
1.7218
1.6720
1.6745
1.6901
1.7027
1.7238
1.7263
1.7500
1.7052
1.7449
1.7540
1.8264
1.7937
1.8028
1.7766
1.6931
1.7475
1.8083
1.8445
1.8194
1.8199
1.7686
1.8048
1.7988
1.7942
1.8656
1.8661
1.8033
1.8400
1.8355
1.8561
1.8475
1.8536
1.8571
1.8269
1.7741
1.7455
1.8380
1.8350
1.7796
1.8214
1.7907
1.8093
1.8058
1.8209
1.8335
1.8209
1.8113
1.8777
1.9280
1.9245
1.8968
1.8913
1.8863
1.9335
1.8848
1.8722
1.8154
1.8501
1.8536
1.8687
1.8571
1.8289
1.9456
1.9451
1.9687
1.9325
1.9597
1.9361
1.9310
1.9255
1.9119
1.9315
1.9798
1.9295
1.8616
1.8309
1.8822
1.8355
1.8661
1.8556
1.8169
1.8380
1.8234
1.8561
1.9119
1.9220
1.9200
1.8214
1.8541
1.8893
1.8938
1.9944
2.0150
1.9984
1.9778
1.9823
1.9431
1.9129
1.8581
1.8712
1.9340
1.9185
1.8938
1.8742
1.8511
1.8239
1.8772
1.9270
1.9335
1.9185
1.9059
1.8843
1.8279
1.7525
1.8239
1.8244
1.8239
1.8149
1.8269
1.7942
1.7726
1.7625
1.8003
1.9059
1.8340
1.8118
1.8028
1.8189
1.8536
1.8661
1.8370
1.8536
1.8475
1.8420
1.9240
1.9632
2.0130
1.9884
2.0326
2.0221
1.9838
1.9441
1.9144
1.9129
1.8863
1.8496
1.7701
1.8053
1.8420
1.9431
1.9039
1.8405
1.8898
1.8938
1.8360
1.8325
1.8626
1.8330
1.8953
1.8667
1.8988
1.9335
1.8636
1.8541
1.8898
1.9174
1.8631
1.8631
1.8651
1.8350
1.7892
1.8093
1.8028
1.8289
1.8596
1.8410
1.8043
1.7887
1.8712
1.8822
1.9084
1.8355
1.8742
1.8742
1.8712
1.9330
1.9381
1.8682
1.8455
1.7555
1.7198
1.7696
1.7822
1.7500
1.8008
1.7756
1.8083
1.8440
1.8380
1.8571
1.8264
1.8264
1.7314
1.7007
1.7429
1.9164
1.9255
1.9009
1.8812
1.8143
1.8068
1.7570
1.7525
1.8008
1.8616
1.9164
1.8712
1.8169
1.7671
1.7077
1.7570
1.7862
1.7952
1.8013
1.8078
1.7394
1.7721
1.7515
1.7907
1.7676
1.8259
1.8868
1.8184
1.8309
1.8410
1.9014
1.9451
1.8732
1.8189
1.7470
1.7872
1.7962
1.7726
1.8491
1.8848
1.9029
1.8470
1.8199
1.8113
1.8687
1.8566
1.8928
1.8843
1.8184
1.8722
1.8596
1.8511
1.8013
1.7751
1.7887
1.7967
1.8677
1.9426
1.9129
1.9119
1.9215
1.8370
1.8978
1.9003
1.9356
1.9185
1.8742
1.9451
1.9265
1.9441
1.9884
1.9476
1.9164
1.9260
1.9758
1.9371
1.9210
1.8752
1.8938
1.8239
1.8561
1.8496
1.8214
1.7802
1.7706
1.8048
1.8616
1.8747
1.8521
1.8556
1.8908
1.8953
1.8772
1.9059
1.9190
1.9270
1.9451
1.9783
1.9501
1.8767
1.9059
1.8536
1.9079
1.8767
1.9592
1.9994
1.9874
2.0331
1.9919
1.9713
1.9451
1.9265
1.9225
1.9843
2.0376
1.9748
1.9466
1.8425
1.8058
1.8536
1.8682
1.8470
1.8636
1.9084
1.8767
1.8742
1.8933
1.8752
1.9154
1.9466
1.9154
1.9567
1.8933
1.8541
1.8154
1.7535
1.7726
1.8385
1.8259
1.8571
1.8802
1.8682
1.8113
1.8048
1.8631
1.8541
1.8355
1.8777
1.8199
1.8853
1.9356
1.9592
1.9909
1.9818
1.9210
1.9185
1.9265
1.9119
1.9009
1.8933
1.9265
1.9149
1.8797
1.8330
1.8420
1.8697
1.9330
1.9376
1.8561
1.7656
1.8335
1.8194
1.8853
1.9637
1.9934
1.9496
1.9079
1.8772
1.9698
1.9552
1.9652
2.0055
1.9914
1.9778
1.9386
1.8687
1.8264
1.7610
1.7983
1.8264
1.7731
1.8189
1.8511
1.8883
1.8405
1.8908
1.8843
1.8908
1.8631
1.8863
1.8918
1.8541
1.8682
1.8214
1.8868
1.8707
1.9029
1.8712
1.8284
1.8395
1.8677
1.8983
1.8802
1.9079
1.9084
1.9511
1.9104
1.8360
1.8028
1.8918
1.8963
1.8893
1.8838
1.8853
1.9451
1.8943
1.8667
1.8350
1.8963
1.8269
1.8264
1.8682
1.8888
1.8943
1.9295
1.8938
1.9069
1.9310
1.8722
1.8400
1.8259
1.8677
1.8033
1.8410
1.8470
1.8838
1.8154
1.8496
1.8546
1.8485
1.9059
1.9381
1.9426
1.9853
1.9144
1.9889
2.0407
1.9884
1.9698
1.8913
1.8536
1.8677
1.9210
1.8963
1.8636
1.8526
1.8455
1.8194
1.8958
1.8893
1.9265
1.9109
1.9009
1.8817
1.8465
1.8400
1.9109
1.8898
1.8516
1.8883
1.8299
1.8073
1.8008
1.8078
1.7907
1.8214
1.8128
1.7952
1.7590
1.8501
1.9069
1.8430
1.8591
1.7983
1.8370
1.8244
1.8239
1.8360
1.8113
1.7937
1.8335
1.8526
1.8350
1.8118
1.8149
1.8395
1.8103
1.7394
1.7605
1.7983
1.8355
1.8330
1.8113
1.8661
1.8154
1.8053
1.7681
1.7917
1.8219
1.8651
1.8445
1.7661
1.7686
1.7721
1.7857
1.7842
1.8827
1.8777
1.8214
1.8556
1.8485
1.7988
1.7842
1.7842
1.7827
1.8264
1.8143
1.7751
1.8511
1.8254
1.8033
1.8083
1.8757
1.8093
1.7842
1.8048
1.8008
1.8013
1.8189
1.7998
1.7937
1.8450
1.7766
1.7681
1.7952
1.7907
1.8526
1.8581
1.8898
1.8848
1.9240
1.8470
1.7882
1.7857
1.7957
1.7731
1.7867
1.8405
1.7937
1.8335
1.8742
1.9361
1.9496
2.0150
1.9466
1.9687
1.9446
1.9356
1.8661
1.9094
1.8873
1.8616
1.9054
1.8430
1.8174
1.8385
1.8465
1.9386
1.8189
1.7892
1.8727
1.7847
1.8591
1.8616
1.8309
1.8093
1.7500
1.8118
1.8138
1.7957
1.8566
1.8279
1.8174
1.7967
1.7822
1.7605
1.8209
1.8103
1.8677
1.7942
1.8118
1.8053
1.9054
1.8968
1.8264
1.7937
1.7605
1.7741
1.7449
1.8078
1.8234
1.8455
1.8611
1.8309
1.8078
1.8661
1.8350
1.8742
1.9260
1.9255
1.9315
1.8742
1.8616
1.8083
1.8355
1.8853
1.9325
1.9270
1.8380
1.8149
1.8380
1.8138
1.8908
1.8742
1.8304
1.7842
1.7419
1.8048
1.7786
1.7605
1.7776
1.7701
1.7525
1.7711
1.7837
1.7394
1.8058
1.8410
1.8677
1.8259
1.7721
1.8068
1.8546
1.8465
1.8938
1.8883
1.8727
1.9255
1.8883
1.8299
1.7419
1.7917
1.7686
1.7822
1.7289
1.7857
1.7847
1.8475
1.8521
1.8350
1.8425
1.8591
1.8616
1.8727
1.8817
1.8667
1.8465
1.8511
1.8873
1.8410
1.7842
1.9335
1.8953
1.8470
1.8626
1.8103
1.8667
1.8883
1.8838
1.8888
1.8827
1.8682
1.8888
1.8838
1.8470
1.8410
1.8697
1.8475
1.8113
1.7912
1.7470
1.7510
1.8103
1.8033
1.7776
1.7565
1.7952
1.7600
1.7565
1.7198
1.7228
1.6977
1.8138
1.8169
1.8511
1.8219
1.8340
1.8113
1.7188
1.7676
1.7183
1.8400
1.8682
1.8888
1.8727
1.8712
1.7862
1.8269
1.8058
1.9164
2.0004
1.9547
1.9537
1.9109
1.9220
1.9406
1.9124
1.8491
1.8013
1.7746
1.7766
1.8003
1.8028
1.7661
1.7384
1.7067
1.7786
1.8219
1.8330
1.7897
1.7867
1.7967
1.7625
1.7998
1.8370
1.9511
1.9521
1.9411
1.8893
1.8757
1.8199
1.8425
1.8455
1.9356
1.9496
1.8868
1.8289
1.8380
1.8043
1.8194
1.8425
1.7932
1.8350
1.8123
1.8566
1.8501
1.9084
1.8863
1.9139
1.9340
1.9265
1.9325
1.8571
1.8058
1.7158
1.7102
1.7510
1.7791
1.8219
1.8340
1.8732
1.8410
1.7937
1.8772
1.8722
1.8712
1.8395
1.8455
1.8078
1.7600
1.7118
1.7500
1.7942
1.7802
1.8234
1.7927
1.7802
1.7917
1.8199
1.8853
1.8279
1.8360
1.7912
1.7907
1.7570
1.7726
1.8284
1.8606
1.8722
1.8616
1.8943
1.8561
1.9014
1.8712
1.8812
1.8888
1.9049
1.9049
1.9174
1.8958
1.9290
1.8189
1.8943
1.9195
1.8732
1.9265
1.8908
1.9265
1.9240
1.8868
1.9335
1.9074
1.9381
1.9657
2.0055
1.9491
1.9059
1.9270
1.9340
1.9185
1.9356
1.9290
1.8928
1.8863
1.9024
1.9149
1.9662
1.9627
2.0246
2.0070
1.9823
1.9853
1.8687
1.9009
1.8802
1.8335
1.8234
1.8340
1.7988
1.7731
1.8289
1.8817
1.8465
1.8299
1.8385
1.8259
1.8782
1.8425
1.8058
1.7892
1.7243
1.7706
1.7419
1.8697
1.9003
1.9034
1.8521
1.8661
1.8128
1.7314
1.7344
1.7882
1.7766
1.8199
1.8103
1.8777
1.8636
1.8863
1.8817
1.8455
1.8299
1.8093
1.8209
1.8128
1.8843
1.9758
2.0236
1.9094
1.8445
1.8279
1.8822
1.8777
1.8853
1.8375
1.8229
1.8239
1.8254
1.9084
1.8873
1.8707
1.9225
1.8581
1.8596
1.8938
1.8450
1.8289
1.8289
1.8264
1.8586
1.8606
1.8194
1.8299
1.8184
1.8651
1.8636
1.8450
1.8501
1.8868
1.8918
1.8853
1.9235
1.8893
1.9255
1.9215
1.9612
2.0004
2.0633
1.9597
1.9376
1.9210
1.9169
1.8938
1.8983
1.9124
1.8893
1.8113
1.8340
1.8843
1.9024
1.8933
1.9185
1.9376
1.9210
1.8636
1.8013
1.8304
1.7872
1.8078
1.8123
1.8687
1.8682
1.8682
1.8677
1.9195
1.8757
1.9054
1.9069
1.8968
1.8677
1.8244
1.8244
1.8772
1.8314
1.8933
1.9079
1.8953
1.9944
1.9843
1.9340
1.8863
1.8802
1.8340
1.8214
1.7585
1.7842
1.8154
1.8400
1.8566
1.8687
1.7827
1.7927
1.8340
1.9034
1.8968
1.8571
1.8908
1.8475
1.8430
1.7957
1.7374
1.7289
1.7741
1.7957
1.7605
1.7771
1.8199
1.8103
1.8360
1.7912
1.7887
1.7656
1.7590
1.7867
1.8279
1.8043
1.8199
1.8128
1.8687
1.8581
1.7952
1.8898
1.9154
1.9466
1.8626
1.8742
1.7983
1.8138
1.8053
1.7907
1.8194
1.8848
1.8707
1.8782
1.8556
1.7837
1.7515
1.7857
1.7942
1.8355
1.8209
1.8330
1.8314
1.8284
1.8797
1.8350
1.8425
1.8068
1.7696
1.8239
1.9094
1.9401
1.8898
1.8526
1.8546
1.8817
1.8893
1.9793
1.9778
1.9612
1.9501
1.9713
1.9456
1.9164
1.9572
1.9979
2.0085
1.9924
1.9944
1.9823
1.9738
2.0331
2.0024
2.0100
2.0155
1.9894
1.9164
1.9572
1.8385
1.8239
1.8128
1.8355
1.8883
1.8616
1.8727
1.8707
1.8898
1.8742
1.8822
1.9009
1.9014
1.8943
1.8440
1.7857
1.8370
1.8667
1.9190
1.9280
1.9828
2.0070
1.9094
1.9305
1.9567
2.0100
2.0165
1.9778
2.0130
2.0296
2.0311
2.0734
2.0331
2.0547
2.0407
1.9959
2.0286
1.9773
1.8968
1.9421
1.9914
1.9396
1.8782
1.9401
2.0060
1.9703
1.9119
1.9552
1.8898
1.9255
1.9944
1.9426
1.9552
2.0296
2.0190
1.9924
1.9607
1.9481
1.9703
1.8792
1.9210
1.9793
1.9632
1.9260
1.9009
1.9034
1.8843
1.8893
1.9054
1.9174
1.9144
1.9667
2.0050
1.9803
1.9733
1.9778
1.9607
1.8742
1.9054
1.9265
1.9225
1.8888
1.8496
1.8003
1.8913
1.9059
1.8848
1.8712
1.9330
1.9481
1.9054
1.9285
1.9657
1.9733
1.9587
1.9979
1.9753
1.9914
2.0034
2.0326
1.9376
1.9270
2.0085
2.0256
2.0492
2.0573
2.0311
2.0100
2.0180
2.0236
2.0482
2.0024
1.9989
2.0407
2.0387
2.0482
1.9501
1.8968
1.8596
1.8707
1.9441
1.9456
2.0004
2.0296
1.9793
1.9924
2.0246
1.9753
1.9154
1.9466
2.0110
1.9431
1.9768
1.9592
1.9476
1.9164
1.9144
1.8817
1.8340
1.8314
1.9034
1.9381
1.9562
1.8797
1.8983
1.9220
1.9396
1.9537
1.9843
1.9552
1.9537
2.0070
2.0120
2.0291
2.0100
1.9733
1.9371
1.9285
1.9350
1.9174
1.8838
1.8254
1.8511
1.8888
1.8827
1.8888
1.9139
1.9335
1.9607
2.0120
2.0266
1.9768
2.0221
1.9521
1.9511
1.9200
1.8953
1.8777
1.9491
1.9813
1.9637
1.9501
1.9386
1.9421
1.9874
2.0095
1.9828
2.0080
1.9723
1.9340
1.8863
1.8918
1.9909
2.0341
2.0246
2.0703
2.1252
2.0190
2.0130
2.0819
2.1030
2.1694
2.0935
2.0844
2.1050
2.1181
2.0573
2.0713
2.0633
2.0563
1.9240
2.0366
2.0588
2.0210
1.9939
2.0467
2.0552
1.9753
1.9481
1.9597
1.9662
1.9959
2.0376
2.0175
2.0447
1.9783
1.9919
1.9708
1.9547
1.9753
2.0120
2.0497
2.0573
2.0216
2.0024
1.9894
1.9909
1.9909
2.0552
2.0397
2.0608
2.0004
2.0296
1.9552
1.9340
1.9376
1.9733
1.9793
1.9607
1.9371
1.8350
1.8843
1.9964
1.9537
1.9210
1.9164
1.9466
1.9813
1.9728
1.9356
2.0130
2.0940
2.0784
2.0070
1.9481
1.9914
2.0050
1.9894
1.9587
1.9889
1.9466
1.9698
1.9215
1.9924
1.9823
1.9310
1.8953
1.9305
1.9340
1.9491
1.9290
1.9562
1.9868
2.0085
1.9989
2.0170
2.0849
2.0945
2.0804
2.0683
2.0060
1.9828
1.9642
2.0246
2.1106
2.0075
1.9516
1.8777
1.9803
1.9396
1.9959
1.9723
2.0085
1.9426
1.9552
1.9874
2.0100
1.9325
1.9034
1.9798
1.9511
1.9828
1.9632
1.9496
1.9174
1.9894
1.9592
1.9456
2.0014
2.0306
2.0105
1.9738
1.9994
1.9889
2.0351
2.0140
1.9768
1.9285
1.9753
1.9909
1.9713
2.0492
2.0568
2.0296
2.0422
1.9984
2.0180
2.0658
2.0995
2.0100
2.0482
2.0336
2.0759
2.0869
2.0638
1.9758
1.9803
1.9411
2.0170
2.0739
2.0563
2.0055
1.9818
2.0281
1.9979
2.0819
2.0497
2.0568
2.0824
2.0824
2.0703
2.0200
2.0009
2.0522
2.0683
2.0512
2.1106
2.0286
2.0190
2.0452
1.9657
2.0266
2.0070
2.0985
2.0517
2.0266
2.0170
2.0653
1.9939
1.8968
1.8777
1.9185
1.9582
1.9677
1.9537
2.0210
1.9909
1.9587
1.9587
1.9667
2.0236
2.0175
1.9909
2.0236
1.9612
1.9597
1.9994
2.0200
1.9919
1.9909
2.0034
2.0638
2.0145
2.0613
2.0759
2.0754
1.9778
1.9612
1.9909
1.9803
1.9728
1.9582
1.9969
1.9843
1.9356
1.9813
1.9411
1.9652
1.9516
1.9185
1.9682
2.0070
2.0563
2.0286
2.0075
1.9728
2.0477
2.0457
1.9899
1.9909
1.9713
1.9562
1.9748
1.9376
1.9723
1.9677
2.0376
1.9527
2.0039
1.9582
1.9567
2.0492
2.0236
2.0910
2.0447
2.0638
2.0668
2.0537
2.0588
2.0432
2.0296
2.0095
2.0593
1.9884
1.9572
2.0100
1.9838
1.9863
1.9662
1.9944
2.0452
2.0537
2.0593
2.0643
2.1106
2.0482
2.0668
2.1679
2.1659
2.1654
2.1749
2.1407
2.1247
2.1438
2.1498
2.0985
2.0296
2.0085
1.9843
1.9446
2.0095
2.0034
1.9803
1.9406
1.9024
1.9456
1.9783
2.0170
1.9894
1.9476
1.9572
1.9657
2.0060
1.9909
1.9687
1.9099
1.9003
1.9773
1.9185
1.9793
2.0452
2.0110
1.9863
1.9868
2.0004
2.0608
1.9587
1.9210
1.9185
1.9894
2.0110
2.0512
2.0563
2.0517
2.0034
1.9803
1.9728
1.9994
2.0175
1.9265
1.8571
1.9340
1.9587
1.9572
1.9959
1.9848
1.9667
2.0039
1.9597
1.9783
1.9713
1.9768
2.0437
2.1055
2.1101
2.0915
2.0869
2.0311
2.0432
1.9677
2.0593
2.1166
2.0960
2.1111
2.0397
2.0482
2.0447
1.9959
1.9954
2.0668
2.0376
2.1005
2.1272
2.1131
2.1055
2.0130
2.0200
2.0447
1.9154
1.9356
1.9285
1.8928
1.8943
1.9104
1.8888
1.8712
1.8802
1.9401
1.8843
1.9104
1.9315
1.9889
2.0009
2.0100
1.9934
1.9190
2.0547
1.9959
1.9220
1.8782
1.9169
1.8722
1.9129
1.8591
1.8928
1.8958
1.9215
2.0130
1.9542
1.9441
1.9024
1.9240
1.9521
1.9094
1.9411
1.9853
1.9451
1.9562
1.8802
1.9401
1.8797
1.9074
1.9496
1.9934
2.0452
2.0331
2.0754
2.0547
2.0381
2.0261
2.0734
2.0824
2.0085
2.0683
2.0915
2.0341
2.0246
2.1005
2.1272
2.0829
2.0920
2.1307
2.1055
2.0668
2.1131
2.0502
1.9944
1.9748
1.9969
1.9964
2.0155
1.9265
1.9315
1.9884
2.0537
2.1553
2.1151
2.0839
2.0608
2.0236
1.9959
2.0145
2.0613
2.0663
1.9753
2.0527
1.9944
1.9848
1.9874
2.0004
2.0190
2.0643
2.0387
1.9838
2.0175
1.9793
1.9511
1.9195
1.9069
1.8958
1.9637
1.9270
1.9657
1.9496
1.9713
1.9682
1.9758
1.9783
1.9501
1.9421
1.9768
2.0422
2.0512
2.0588
2.0125
2.0060
2.0769
2.1086
2.0794
2.0477
2.0336
2.0261
2.0266
1.9768
1.8958
1.8898
1.8727
1.9662
2.0150
2.0643
2.0985
2.0608
2.1096
2.0573
1.9773
1.9813
2.0155
1.9582
1.9884
1.9677
1.9537
1.9511
1.9084
1.9411
1.9969
2.0050
1.9919
1.9939
1.9195
1.9793
2.0039
1.8958
1.8143
1.9330
1.8626
1.8626
1.8325
1.8712
1.9029
1.8395
1.8465
1.8611
1.9582
1.9350
1.9185
1.9034
1.8636
1.7786
1.7791
1.8616
1.8199
1.8420
1.8697
1.9003
1.9330
1.8848
1.8797
1.9713
2.0100
1.9939
1.9411
1.9325
1.9476
1.9793
1.9521
1.9612
1.9280
1.9642
1.9617
2.0331
1.9411
2.0075
1.9803
2.0472
2.0241
1.9959
2.0261
1.9969
1.9758
1.9371
1.8541
1.8893
1.8732
1.9034
1.8516
1.8546
1.8893
1.8732
1.8822
1.9537
1.9174
1.9340
1.8651
1.8868
1.8586
1.8501
1.8656
1.8747
1.8631
1.9054
1.8968
1.9527
1.9511
1.9944
1.9009
1.8586
1.8405
1.8782
1.8541
1.8667
1.8380
1.8229
1.7580
1.8068
1.8641
1.8229
1.8028
1.8385
1.8998
1.8702
1.9748
1.9778
1.8873
1.9029
1.8098
1.8873
1.8516
1.7681
1.8355
1.8641
1.8908
1.8420
1.9215
1.9496
1.9597
1.9582
2.0095
1.9939
1.9190
1.9607
1.9361
1.9587
2.0110
2.0281
1.9863
1.9994
1.9129
1.9537
1.9315
1.9039
1.9139
1.9642
1.9934
1.9939
1.9728
1.9667
1.9396
1.9431
1.9874
1.9466
1.9582
1.9235
2.0050
1.9813
1.9305
1.9335
1.9803
1.9637
1.9818
1.9733
1.9874
1.9476
2.0014
2.0004
1.9853
1.9768
1.9708
1.9029
1.8822
1.8355
1.8636
1.8968
1.8983
1.9552
1.9954
1.9939
2.0472
2.0437
1.9361
2.0467
2.0110
2.0552
2.0728
2.1166
2.0618
2.0351
2.0236
1.9843
1.9657
1.9818
1.9848
1.9657
1.9607
2.0009
2.0306
2.0226
2.0256
2.0281
1.9768
1.9803
1.9617
1.8355
1.8425
1.8485
1.8848
1.9542
1.9537
1.9401
1.9220
1.8983
1.8782
1.8546
1.8571
1.8491
1.8098
1.8465
1.8707
1.9225
1.9597
1.8521
1.8450
1.8174
1.8571
1.8898
1.9386
1.9728
1.9884
1.9456
1.8943
2.0039
2.0014
1.9984
1.9637
1.9919
1.8868
1.9350
1.9074
1.8968
1.8978
1.8491
1.8953
1.9079
1.9356
1.9059
1.9169
1.9677
1.9853
2.0080
1.9713
2.0085
1.9728
1.9989
1.9330
1.9164
1.9662
2.0165
2.0110
2.0376
1.9411
1.9542
1.9964
2.0039
1.9441
1.9567
1.8797
1.9723
1.9024
1.8722
1.8817
1.9501
2.0150
2.0839
2.0915
2.0351
2.0140
1.9562
1.9330
1.8838
1.8375
1.8873
1.8591
1.9129
1.9959
1.9315
1.9677
1.9642
2.0130
1.9350
1.9914
1.9491
1.9703
1.9773
1.9813
1.9195
1.8838
1.8154
1.7967
1.7721
1.7847
1.8048
1.8209
1.8838
1.9310
1.9356
1.9818
1.9738
1.9361
1.9074
1.9828
1.9843
1.9758
1.9476
1.9582
1.9456
1.9149
1.8385
1.8455
1.8616
1.8611
1.8425
1.8697
1.9210
1.8189
1.8420
1.8586
1.8496
1.8838
1.8475
1.8732
1.8073
1.8008
1.8279
1.8581
1.9235
1.8983
1.8053
1.8093
1.8239
1.8234
1.8561
1.8581
1.8802
1.8571
1.8596
1.8712
1.8169
1.7978
1.8561
1.8802
1.8868
1.9225
1.9818
1.9642
1.9290
1.9652
2.0034
1.9919
1.9285
1.9235
1.8873
1.8169
1.8827
1.8998
1.9350
1.9396
1.9104
1.8661
1.8667
1.7605
1.7867
1.8068
1.7776
1.7580
1.7208
1.8098
1.8561
1.8475
1.9471
1.9154
1.9039
1.8405
1.8470
1.7998
1.8264
1.7927
1.7580
1.7957
1.7817
1.7289
1.8033
1.7771
1.7998
1.7842
1.7515
1.7912
1.7128
1.6771
1.7243
1.7590
1.8289
1.8792
1.8747
1.8420
1.9124
1.8752
1.8727
1.9024
1.8817
1.8777
1.8958
1.8254
1.8777
1.8843
1.8697
1.7731
1.8707
1.8591
1.8299
1.8370
1.8757
1.8425
1.8586
1.8496
1.8103
1.8264
1.8470
1.8199
1.8214
1.8963
1.8445
1.8189
1.7560
1.8048
1.8511
1.8651
1.8752
1.9049
1.8742
1.8727
1.8284
1.8475
1.8309
1.8928
1.9481
1.9386
1.8455
1.8822
1.8667
1.8978
1.9441
1.9874
1.9340
1.9703
1.9446
1.8822
1.9838
1.9446
1.9562
1.9642
1.9185
1.9164
1.8933
1.8963
1.9411
1.8918
1.8863
1.9330
1.8304
1.8405
1.7927
1.7369
1.7580
1.8802
1.9511
1.8656
1.8546
1.8888
1.8938
1.8667
1.8561
1.8581
1.8918
1.9154
1.9567
1.9547
1.9778
1.9481
1.9069
1.9280
1.8702
1.9225
1.9496
1.9823
1.9200
1.8440
1.8169
1.8702
1.9547
1.8998
1.8501
1.8445
1.8702
1.9104
1.9642
1.9164
1.8526
1.8335
1.8636
1.8958
1.8561
1.8053
1.8420
1.8581
1.8591
1.8928
1.8008
1.8058
1.8863
1.9029
1.9547
1.9642
1.9174
1.9149
1.8812
1.8455
1.8812
1.9537
1.9944
1.9537
1.9642
1.9084
1.9069
1.8863
1.9552
1.9330
1.8405
1.8898
1.9361
1.9501
1.9079
1.8767
1.8425
1.7942
1.8023
1.8169
1.8284
1.8933
1.8757
1.9260
1.9220
1.8978
1.9003
1.9456
1.8616
1.9164
1.8496
1.9079
1.9084
1.9285
1.9240
1.9104
1.9099
1.8868
1.8616
1.8616
1.9149
1.8817
1.8727
1.8913
1.9169
1.9572
1.9235
1.9104
1.8656
1.9617
1.9491
1.9270
1.9330
1.8742
1.8616
1.8400
1.8777
1.8988
1.8782
1.8868
1.9129
1.8259
1.8918
1.8656
1.8239
1.8355
1.8309
1.8491
1.8440
1.8078
1.8425
1.8596
1.9139
1.9330
1.9154
1.8827
1.8586
1.9034
1.9773
1.9818
1.8998
1.8702
1.9079
1.8888
1.8802
1.8677
1.8772
1.8742
1.8400
1.8470
1.7872
1.8169
1.8732
1.9009
1.8712
1.8264
1.8697
1.9537
1.8677
1.8355
1.8028
1.7967
1.8360
1.8712
1.8485
1.8113
1.7827
1.8128
1.8470
1.9371
1.8978
1.8269
1.7314
1.7097
1.7304
1.7641
1.8325
1.8928
1.8325
1.8626
1.8747
1.8516
1.9185
1.9059
1.9396
1.8898
1.8420
1.8149
1.8184
1.8702
1.8269
1.8043
1.8199
1.9698
2.0306
1.9572
1.9350
1.9270
1.8913
1.8838
1.8566
1.8596
1.9029
1.9260
1.9587
1.8928
1.8325
1.8742
1.8405
1.9084
1.9728
2.0095
1.9516
1.9748
2.0009
1.9446
1.9587
1.9657
2.0050
2.0125
1.9542
1.9215
1.9169
1.9582
1.9838
2.0175
2.0226
2.0130
1.9552
1.9240
1.9411
1.8797
1.9079
1.9376
1.8767
1.8556
1.8485
1.8521
1.8118
1.8370
1.8219
1.8868
1.9340
1.8958
1.9003
1.9109
1.9200
1.9491
1.9919
1.8752
1.8616
1.9059
1.8848
1.9014
1.8918
1.9280
1.9441
1.9034
1.9667
1.9748
1.9260
1.9421
1.9335
1.9069
1.8445
1.7676
1.8123
1.8244
1.7706
1.7625
1.7465
1.7444
1.8284
1.8048
1.8304
1.8712
1.8596
1.8838
1.8998
1.8289
1.8802
1.9924
1.9491
1.9285
1.9441
1.9185
1.9059
1.8938
1.8767
1.8003
1.8475
1.7882
1.7545
1.7525
1.7374
1.7706
1.8149
1.8053
1.8123
1.7917
1.8003
1.7631
1.8013
1.7314
1.7118
1.7404
1.8380
1.8853
1.8611
1.8395
1.8470
1.9361
2.0351
2.1106
2.0482
1.9713
1.8496
1.7485
1.7042
1.8400
1.8661
1.8138
1.8058
1.7796
1.7047
1.7555
1.8380
1.7827
1.7198
1.7158
1.7937
1.8330
1.9029
1.8536
1.7802
1.8556
1.8777
1.9285
1.9225
1.9295
1.9456
1.8626
1.8863
1.8360
1.8868
1.8511
1.8350
1.8314
1.7641
1.8013
1.8068
1.7676
1.7932
1.8425
1.8707
1.8581
1.8174
1.9034
1.9371
1.9104
1.8656
1.8340
1.8325
1.8596
1.9245
1.9099
1.8667
1.8254
1.8048
1.8309
1.8501
1.8541
1.8888
1.9255
1.9637
1.9401
1.9099
1.9421
1.9235
1.8677
1.8978
1.8375
1.8008
1.8496
1.8853
1.8908
1.9059
1.8732
1.9049
1.9265
1.8913
1.8229
1.8118
1.8340
1.8853
1.9014
1.8184
1.8194
1.8093
1.7168
1.7444
1.7731
1.7962
1.8028
1.7882
1.8475
1.7791
1.7490
1.7253
1.7510
1.7475
1.7967
1.7399
1.7424
1.7726
1.8496
1.7796
1.8410
1.8586
1.8611
1.8410
1.8033
1.7887
1.7872
1.7636
1.7374
1.7284
1.7490
1.7892
1.7907
1.7354
1.6610
1.7027
1.7444
1.7651
1.7671
1.7605
1.8073
1.7686
1.8370
1.7696
1.8143
1.7842
1.7520
1.7812
1.8440
1.8928
1.8978
1.9838
2.0070
1.9386
1.9195
1.9079
1.9164
1.9034
2.0004
1.9562
1.9868
1.9350
1.9501
1.8757
1.8843
1.9642
1.9496
1.9592
1.9682
1.8883
1.8636
1.8209
1.7892
1.8370
1.8641
1.8767
1.8938
1.8757
1.8521
1.9190
1.9376
1.8772
1.8103
1.8360
1.8229
1.8757
1.9054
1.9376
1.8863
1.8501
1.8541
1.8254
1.8149
1.8863
1.8501
1.8330
1.8827
1.8782
1.9174
1.8626
1.8626
1.8636
1.8325
1.8516
1.8667
1.8757
1.8309
1.7344
1.7027
1.6705
1.6982
1.6559
1.7173
1.7439
1.7485
1.7148
1.7520
1.7812
1.7927
1.7766
1.8314
1.7857
1.7636
1.8013
1.7857
1.8375
1.7590
1.7429
1.6901
1.7560
1.7515
1.7465
1.7776
1.7661
1.7791
1.7796
1.8641
1.8541
1.8682
1.8792
1.8330
1.7872
1.8385
1.8772
1.8118
1.8239
1.8983
1.8485
1.8304
1.8496
1.8963
1.8465
1.8516
1.7907
1.8516
1.8138
1.7741
1.7847
1.8370
1.8234
1.7590
1.7746
1.8299
1.8058
1.7791
1.7786
1.8013
1.8591
1.8626
1.9376
1.9612
1.8843
1.9235
1.8239
1.8028
1.7988
1.8154
1.8496
1.8410
1.7641
1.7580
1.7429
1.8043
1.7967
1.8259
1.8581
1.9109
1.8470
1.8641
1.8093
1.8661
1.8138
1.7942
1.7696
1.7842
1.7942
1.7706
1.7726
1.7746
1.7329
1.8093
1.7721
1.7937
1.8350
1.8209
1.7158
1.8360
1.8113
1.7721
1.8279
1.8908
1.8304
1.7771
1.7661
1.8118
1.9099
1.8988
1.8485
1.7998
1.8792
1.8229
1.8023
1.8727
1.8269
1.7927
1.7605
1.7429
1.7314
1.7751
1.7983
1.8053
1.8309
1.8299
1.8053
1.8309
1.8687
1.8244
1.7822
1.7495
1.7580
1.7952
1.8118
1.8149
1.7962
1.7827
1.7600
1.7857
1.8918
1.9381
1.9094
1.9195
1.8843
1.9109
1.9200
1.9401
1.8838
1.8581
1.9235
1.8868
1.9768
1.9703
1.9441
1.8817
1.8475
1.8933
1.8641
1.8978
1.8983
1.8913
1.8752
1.8722
1.9139
1.8707
1.8707
1.8571
1.8501
1.8214
1.7897
1.7983
1.7625
1.8309
1.7857
1.7726
1.8184
1.8631
1.8299
1.7766
1.8008
1.8138
1.8702
1.9009
1.9034
1.9350
1.9386
2.0050
1.9818
1.9099
1.9290
1.8827
1.9099
1.8782
1.8747
1.8742
1.8827
1.8868
1.7872
1.8174
1.8184
1.8400
1.8470
1.8843
1.8792
1.8229
1.8330
1.8521
1.8868
1.8541
1.8988
1.8496
1.8003
1.8254
1.8244
1.7932
1.8003
1.7324
1.7978
1.8254
1.8667
1.8661
1.9200
1.8521
1.7796
1.7585
1.7344
1.7449
1.7329
1.8385
1.7917
1.8309
1.8189
1.8410
1.8048
1.7771
1.7465
1.7349
1.7032
1.7555
1.8028
1.7978
1.7937
1.7475
1.7983
1.8164
1.8174
1.8299
1.8496
1.8536
1.8752
1.8299
1.8501
1.8118
1.7827
1.8149
1.8586
1.7862
1.7324
1.7128
1.7198
1.7570
1.7515
1.7470
1.8003
1.7309
1.7228
1.7158
1.7545
1.8043
1.8470
1.7444
1.7429
1.7228
1.7143
1.7309
1.7439
1.7641
1.7565
1.7862
1.7937
1.7796
1.7912
1.7681
1.8123
1.7314
1.7535
1.7932
1.8636
1.8330
1.7455
1.7671
1.8113
1.7952
1.8430
1.7324
1.7238
1.7812
1.7696
1.8028
1.7449
1.7334
1.7560
1.7304
1.7334
1.7661
1.8853
1.8496
1.8103
1.7414
1.7500
1.6931
1.7042
1.7545
1.7082
1.8113
1.8259
1.7711
1.7520
1.7796
1.7812
1.7917
1.7671
1.7077
1.6826
1.7284
1.7525
1.7907
1.7671
1.7490
1.7882
1.8254
1.8123
1.7515
1.7706
1.7299
1.7429
1.7631
1.7776
1.7475
1.8189
1.8304
1.7967
1.8244
1.8143
1.8475
1.8214
1.7470
1.8626
1.8521
1.8883
1.8068
1.7354
1.6826
1.6771
1.5855
1.6253
1.6615
1.6911
1.7032
1.7324
1.7565
1.7183
1.7349
1.7570
1.7188
1.7560
1.6982
1.6962
1.7384
1.7278
1.7314
1.7379
1.7791
1.7796
1.8023
1.8697
1.8586
1.8380
1.7183
1.7651
1.8003
1.8385
1.8023
1.7771
1.8083
1.8430
1.8485
1.8958
1.9185
1.8747
1.8616
1.8113
1.7917
1.8536
1.8244
1.8450
1.8395
1.8360
1.8093
1.8149
1.8485
1.8209
1.8209
1.7897
1.7138
1.7304
1.7439
1.6771
1.6705
1.6670
1.7696
1.8360
1.8445
1.8395
1.8661
1.8138
1.8254
1.8033
1.7555
1.7610
1.7555
1.7414
1.7082
1.7565
1.7324
1.7449
1.6997
1.7314
1.8269
1.8269
1.7842
1.8083
1.7495
1.8003
1.7837
1.8149
1.7957
1.7605
1.7983
1.8043
1.9034
1.9260
1.9104
1.9003
1.9235
1.8988
1.8571
1.8169
1.7867
1.7641
1.7580
1.7525
1.8430
1.9129
1.8702
1.8682
1.9516
1.9210
1.9174
1.9356
1.8978
1.9210
1.9174
1.9592
1.9456
1.9049
1.8626
1.8843
1.8360
1.8430
1.8375
1.7817
1.8073
1.8013
1.7625
1.7485
1.7656
1.7485
1.8405
1.8687
1.9848
1.9456
1.9567
1.9562
1.9521
1.9295
1.9240
1.9210
1.8536
1.8792
1.8194
1.7892
1.8546
1.8264
1.8043
1.7771
1.7485
1.7238
1.6957
1.7706
1.8154
1.8184
1.7962
1.8149
1.7942
1.7817
1.8023
1.7857
1.8375
1.8656
1.7912
1.7455
1.7802
1.8641
1.8440
1.8279
1.8375
1.8983
1.8697
1.8149
1.7962
1.8138
1.7615
1.7465
1.7756
1.7671
1.7600
1.8068
1.7998
1.7329
1.7344
1.8078
1.8128
1.7072
1.7349
1.7475
1.7776
1.7786
1.8521
1.8033
1.8189
1.7555
1.7837
1.7957
1.7822
1.7057
1.6605
1.6796
1.6303
1.6569
1.7520
1.7917
1.8314
1.8048
1.9144
1.9682
1.9406
1.9003
1.8501
1.7802
1.8335
1.9039
1.8526
1.8883
1.8516
1.8963
1.8465
1.8083
1.8556
1.8470
1.7449
1.7651
1.8113
1.7726
1.7636
1.8199
1.8641
1.8425
1.8380
1.8561
1.8782
1.8777
1.8636
1.8430
1.8908
1.8843
1.8702
1.8697
1.8908
1.8410
1.9009
1.8908
1.8732
1.9049
1.8732
1.8511
1.7701
1.7942
1.7998
1.8189
1.8299
1.8380
1.8239
1.8138
1.7198
1.7681
1.8254
1.8355
1.8742
1.8304
1.7862
1.7837
1.7721
1.7651
1.7937
1.7148
1.7334
1.7123
1.8048
1.8083
1.7812
1.7475
1.7148
1.7198
1.7344
1.7143
1.7847
1.7636
1.8103
1.8340
1.7887
1.7776
1.7671
1.7590
1.8470
1.8405
1.8244
1.7932
1.7465
1.8199
1.8199
1.8420
1.8375
1.8330
1.7998
1.7545
1.7510
1.7580
1.7746
1.7872
1.7962
1.8450
1.8073
1.8113
1.7817
1.8214
1.8113
1.8556
1.7957
1.7927
1.8309
1.8707
1.9024
1.8380
1.8355
1.8314
1.8420
1.8355
1.8430
1.7651
1.7263
1.7419
1.8234
1.8143
1.8596
1.7590
1.7007
1.7625
1.7887
1.8289
1.8264
1.8697
1.8254
1.7615
1.7776
1.8611
1.8420
1.9014
1.9240
1.8571
1.8501
1.8626
1.8953
1.8566
1.8782
1.9220
1.9501
1.8747
1.8103
1.7791
1.8667
1.8893
1.8279
1.8279
1.8581
1.8702
1.8586
1.9567
1.9024
1.9667
2.0060
1.9919
2.0563
2.0080
2.0140
2.0210
1.9728
1.9260
1.8998
1.8998
1.9124
1.8908
1.8521
1.9190
1.9169
1.9149
1.9446
1.9547
1.9547
1.9954
1.9315
1.8611
1.8938
1.8772
1.8636
1.8636
1.8501
1.8556
1.9099
1.9310
1.9049
1.9682
1.9426
1.9451
1.9350
1.9496
1.9185
1.8742
1.8702
1.8586
1.9662
1.8883
1.8827
1.9401
1.9446
1.8822
1.9511
2.0150
2.0200
2.1076
2.0683
2.1458
2.1065
2.0583
2.0306
2.0844
2.0397
2.0713
1.9994
2.0512
2.0889
2.1267
2.0728
2.0527
2.0799
2.0467
2.0261
2.0497
2.0130
2.0291
2.0407
2.0593
2.0638
2.0246
1.9542
2.0381
2.0784
2.0573
2.0210
1.9914
2.0769
2.0759
2.0547
2.0598
2.0854
2.0306
2.0407
2.0316
1.9994
1.9662
1.9401
2.0034
2.0125
2.0397
2.0291
2.0412
1.9969
1.9728
2.0638
1.9823
1.9823
2.0281
2.0180
1.9587
1.9778
2.0658
2.1121
2.0613
2.0447
1.9682
1.9728
1.9894
2.0100
2.0381
2.0482
2.0774
2.0437
2.0734
2.1176
2.0537
1.9527
1.9315
1.9356
1.9290
1.9029
1.9662
2.0573
2.1156
2.0422
1.9567
1.9441
1.9456
2.0009
1.9884
2.0085
1.9939
1.9838
2.0583
2.0427
2.0613
2.1086
2.0683
2.0588
1.9361
1.9713
1.9768
2.0130
2.0915
2.0769
2.0663
2.0381
2.0165
2.0960
2.0583
2.0623
2.0869
2.1166
2.1176
2.1936
2.1966
2.2096
2.1438
2.0522
1.9848
1.9657
1.9828
2.0165
2.0960
2.1040
2.1171
2.0769
2.2041
2.1096
2.0804
2.1005
2.0517
2.0688
2.1241
2.1337
2.0658
2.1121
2.1563
2.1362
2.1423
2.2006
2.2031
2.1925
2.0769
2.0854
2.1166
2.0749
2.1176
2.0331
2.0216
2.1106
2.0910
2.0467
2.0427
2.0512
2.1211
2.1096
2.1025
2.1805
2.1563
2.2217
2.1961
2.2393
2.2217
2.2122
2.2192
2.1941
2.2403
2.2217
2.1317
2.0869
2.0854
2.1362
2.2167
2.1065
2.1845
2.1684
2.1262
2.1352
2.1840
2.1583
2.1594
2.1181
2.1407
2.1644
2.1428
2.1473
2.1518
2.1966
2.0920
2.0678
2.1438
2.1055
2.1211
2.1317
2.1619
2.1820
2.1870
2.1609
2.1402
2.1050
2.0653
2.0879
2.0879
2.1800
2.1538
2.2096
2.1433
2.1060
2.0779
2.0583
2.1267
2.1458
2.1810
2.2182
2.1830
2.2298
2.1825
2.0819
2.0281
2.0824
2.0482
1.9919
2.0452
2.0311
2.1191
2.0769
2.1181
2.1820
2.1880
2.1920
2.2177
2.1810
2.1996
2.1895
2.1503
2.1312
2.1191
2.1191
2.1297
2.1594
2.1287
2.1362
2.0573
2.0522
2.0497
2.1317
2.1060
2.1528
2.1126
2.1458
2.1714
2.1060
2.0457
2.0854
2.0422
2.0070
2.0668
2.0583
2.0844
2.0713
2.0955
2.1005
2.0945
2.1101
2.1981
2.2871
2.2569
2.2207
2.1528
2.2086
2.2086
2.1855
2.0955
2.1548
2.1568
2.1573
2.1377
2.0376
2.0271
2.0060
2.0039
2.0221
2.0039
2.0754
2.0864
2.1739
2.1518
2.1322
2.1176
2.0980
2.1247
2.1141
2.1035
2.1282
2.2222
2.1548
2.1342
2.0995
2.0829
2.0070
2.0034
2.0422
2.0512
2.0588
2.0407
1.9994
2.0407
2.0286
2.0085
2.0688
2.0170
2.0749
2.0638
2.0899
2.0221
2.0593
1.9894
2.0522
2.0804
2.0899
2.1292
2.1055
2.0366
2.0336
2.1201
2.1915
2.2579
2.2252
2.1981
2.2021
2.2031
2.2016
2.1925
2.1221
2.2041
2.2368
2.2288
2.2016
2.1925
2.1307
2.1055
2.1312
2.1498
2.2076
2.2262
2.2288
2.2006
2.1910
2.2363
2.2609
2.3319
2.3309
2.2806
2.2388
2.2107
2.1880
2.1920
2.1624
2.1096
2.1433
1.9874
1.9687
2.0381
2.1221
2.2509
2.2378
2.2177
2.2247
2.1478
2.1282
2.1166
2.1594
2.1820
2.1986
2.1800
2.1523
2.1015
2.1267
2.0618
2.1201
2.0889
2.0955
2.1126
2.0819
2.1111
2.1357
2.1407
2.2006
2.1589
2.1589
2.1498
2.0894
2.1287
2.0844
2.1679
2.1236
2.1015
2.1890
2.1518
2.0899
2.1196
2.1307
2.0638
2.1096
2.0698
2.1458
2.1055
2.1191
2.1181
2.1407
2.1468
2.0970
2.0920
2.1096
2.1226
2.1528
2.1241
2.0683
2.0286
2.1040
2.1518
2.1754
2.1287
2.0739
2.0754
2.0754
2.1397
2.1010
2.0527
2.0482
2.0331
2.0452
2.1282
2.1252
2.1986
2.1986
2.1704
2.2096
2.1971
2.0618
2.0226
2.1005
2.0940
2.1106
2.0915
2.0563
2.0402
2.0145
2.0824
2.1342
2.0894
2.1181
2.1609
2.1810
2.0809
2.0799
2.0879
2.1287
2.1176
2.1599
2.2036
2.1412
2.1121
2.1050
2.1287
2.2006
2.1382
2.1749
2.1076
2.1216
2.0990
2.1357
2.0995
2.0638
2.1086
2.1121
2.1438
2.2132
2.2625
2.2383
2.2086
2.1765
2.1825
2.1573
2.0723
2.1166
2.1915
2.1236
2.0698
2.0598
2.0965
2.1111
2.0713
2.0829
2.1352
2.1312
2.0537
2.1030
2.1382
2.1448
2.1689
2.1795
2.1211
2.2056
2.1946
2.1438
2.1594
2.2056
2.1946
2.1765
2.1297
2.0849
2.0829
1.9863
2.0296
2.0210
2.0658
2.0894
2.0970
2.0819
2.1337
2.1734
2.1704
2.1357
2.1226
2.0990
2.1151
2.0734
2.1025
2.0638
2.0241
2.1015
2.0326
2.1282
2.1694
2.1981
2.1996
2.1800
2.1659
2.1754
2.1397
2.1458
2.1820
2.1759
2.2479
2.2579
2.2564
2.2740
2.1594
2.2016
2.1594
2.1709
2.1583
2.1583
2.1589
2.1810
2.2177
2.1423
2.0925
2.0668
2.0799
2.0271
2.0613
2.1920
2.1845
2.2333
2.2775
2.2484
2.2474
2.1946
2.1221
2.1971
2.1247
2.2066
2.1322
2.1407
2.0910
2.0879
2.1498
2.1423
2.1151
2.1483
2.1221
2.1221
2.1624
2.1412
2.1573
2.1382
2.1412
2.1453
2.2137
2.1795
2.1644
2.1528
2.1971
2.1247
2.1548
2.2740
2.2127
2.2539
2.1775
2.1946
2.1966
2.1146
2.1573
2.2006
2.2333
2.1312
2.1287
1.9838
2.0497
2.1538
2.1538
2.1141
2.0940
2.1322
2.1825
2.1453
2.1805
2.1226
2.1433
2.2338
2.2589
2.2127
2.1252
2.1669
2.1241
2.1332
2.1729
2.2081
2.1317
2.0769
2.0980
2.1986
2.2449
2.2459
2.2242
2.1870
2.2132
2.1704
2.1805
2.1729
2.2031
2.1925
2.2383
2.3153
2.3298
2.2147
2.1679
2.1483
2.1402
2.1458
2.1065
2.0894
2.0326
2.0120
2.0708
2.1156
2.1377
2.1528
2.1146
2.1478
2.1523
2.1749
2.2242
2.2936
2.2177
2.2363
2.2086
2.1644
2.1563
2.1146
2.2438
2.2112
2.2640
2.3112
2.2740
2.2363
2.2283
2.2755
2.2137
2.1594
2.2021
2.2021
2.2132
2.2217
2.2061
2.1951
2.1870
2.1493
2.2730
2.2132
2.2096
2.2715
2.2016
2.2343
2.2267
2.2222
2.2167
2.2031
2.2041
2.2358
2.2051
2.1322
2.1503
2.1634
2.1101
2.1966
2.2298
2.2564
2.1734
2.1387
2.1332
2.1946
2.2182
2.3007
2.2972
2.2851
2.2217
2.2167
2.2564
2.3168
2.3635
2.2705
2.1805
2.1759
2.0769
2.0874
2.0542
2.0497
2.0935
2.0668
2.0688
2.0286
2.0839
2.0920
2.0568
2.0723
2.0734
2.0739
2.1820
2.1548
2.1458
2.2247
2.2202
2.2459
2.2358
2.1971
2.3042
2.3857
2.3087
2.2614
2.2147
2.2449
2.1825
2.2182
2.1830
2.2433
2.2021
2.2021
2.2549
2.3495
2.3228
2.2946
2.3464
2.3007
2.2760
2.2288
2.2011
2.2237
2.2484
2.1583
2.1704
2.1679
2.1986
2.2413
2.2112
2.2318
2.2554
2.2217
2.2066
2.1870
2.2967
2.2735
2.2459
2.1920
2.1845
2.1910
2.1609
2.1614
2.1724
2.2368
2.2081
2.1850
2.1589
2.1589
2.2775
2.2172
2.1840
2.2403
2.1895
2.1619
2.2358
2.2288
2.2217
2.2811
2.1996
2.2107
2.2308
2.2252
2.1453
2.1870
2.2222
2.2081
2.1332
2.0774
2.0889
2.1498
2.1946
2.1759
2.2262
2.3062
2.2484
2.2283
2.1785
2.1754
2.1951
2.1553
2.1765
2.1840
2.2016
2.2262
2.2101
2.1563
2.1583
2.1689
2.1679
2.1759
2.1624
2.1619
2.1201
2.1946
2.0920
2.0774
2.0774
2.1423
2.1583
2.1060
2.1211
2.1292
2.2227
2.2393
2.2625
2.2061
2.1734
2.2449
2.1503
2.1739
2.2343
2.2368
2.2288
2.1694
2.1267
2.1669
2.1664
2.1438
2.0945
2.1754
2.1201
2.1729
2.1694
2.1689
2.2107
2.2101
2.1337
2.1096
2.2288
2.2438
2.1594
2.1825
2.0708
2.1055
2.0970
2.1146
2.0734
2.0844
2.0713
2.1156
2.1508
2.2368
2.2936
2.2383
2.3238
2.3364
2.2926
2.2182
2.1724
2.1594
2.1493
2.1423
2.1357
2.1005
2.0527
2.0920
2.0794
2.0457
2.0980
2.0899
2.0774
2.1624
2.1307
2.2338
2.1614
2.1433
2.1780
2.1317
2.1609
2.1397
2.1357
2.1523
2.1448
2.1397
2.1438
2.1171
2.2036
2.1614
2.0985
2.0920
2.0467
2.0653
2.0361
2.1010
2.0402
2.0668
2.1966
2.1689
2.2308
2.1936
2.1865
2.1986
2.1684
2.1247
2.1342
2.1211
2.1412
2.1669
2.2730
2.2137
2.2021
2.0965
2.0703
2.0291
2.0734
2.0854
2.0095
1.9733
1.9567
1.9642
2.0361
2.0910
2.1498
2.1216
2.0995
2.0749
2.1076
2.1508
2.1433
2.1065
2.0774
2.0658
2.1111
2.0940
2.0995
2.1307
2.1176
2.0653
2.0663
2.1236
2.1428
2.1267
2.0497
2.0588
2.0221
2.0437
2.0522
2.0387
2.0376
2.0381
2.0678
2.0291
2.0618
2.1081
2.1121
2.0668
2.0688
1.9969
2.0608
2.1055
2.1619
2.1729
2.1503
2.1221
2.1337
2.1297
2.1171
2.1282
2.0728
2.0940
2.0588
2.0749
2.0226
2.0034
1.9894
2.0542
2.0663
2.0266
2.1357
2.0990
2.1267
2.0402
1.9768
2.0311
2.0226
2.0879
2.0864
2.1050
2.0879
2.0739
2.0336
2.0759
2.1176
2.1191
2.1076
2.1221
2.1322
2.1503
2.1322
2.1402
2.1030
2.1282
2.0960
2.1221
2.0990
2.1895
2.2378
2.2599
2.1820
2.1986
2.1583
2.1583
2.0422
1.9989
2.0402
2.0920
2.0563
2.0291
2.0517
2.0794
2.1850
2.1910
2.1508
2.1322
2.1729
2.1060
2.1191
2.0668
2.1010
2.1040
2.0452
2.0009
1.9677
1.9738
2.0407
2.0713
2.0306
1.9516
1.9627
1.9376
1.9733
2.0311
2.0542
1.9954
1.9421
2.0492
2.0678
2.0698
2.0925
2.0794
2.0261
1.9863
1.9984
1.9863
2.0824
2.0180
2.0422
2.0899
2.0663
2.0472
2.1081
2.1106
2.1236
2.0703
2.0935
2.0583
2.0527
2.0361
1.9954
2.0779
2.0894
2.1081
2.0899
2.0547
2.0613
2.0754
2.0452
1.9994
1.9627
1.9280
1.9868
1.9989
2.0291
1.9989
1.9662
1.9838
2.0291
2.1040
2.0759
2.0754
2.0221
1.9944
1.9828
1.9411
1.9657
1.9516
1.9803
1.9728
1.9215
1.9592
1.8732
1.9446
1.9471
1.8958
1.9597
1.9481
1.9698
1.9441
1.9562
1.9220
1.8963
1.8682
1.8581
1.9748
2.0216
2.0351
1.9919
1.9617
1.9803
1.8782
1.8988
1.8802
1.8848
1.9129
1.9109
1.8988
1.9315
1.9376
2.0039
1.9592
1.9662
2.0170
2.0844
2.0819
2.0608
2.0437
2.0311
2.0120
2.0170
1.9984
1.9446
2.0819
2.0940
2.0683
2.0608
2.0422
1.9989
1.9863
1.9884
1.9813
2.0029
1.9803
1.9713
1.9446
1.9456
1.9069
1.8933
1.8868
1.8289
2.0256
2.0170
2.0100
1.9843
1.9139
1.8893
1.8747
1.9139
1.9662
1.9723
1.9456
1.9129
1.9024
1.9899
1.9894
1.9587
1.9456
1.9798
1.9079
1.9406
1.9174
2.0014
2.0844
1.9652
1.9511
1.9406
1.9542
1.9969
1.9305
1.9255
1.9109
1.8667
1.9431
1.9652
1.9084
1.8868
1.8707
1.9441
2.0412
1.9753
2.0004
2.0376
2.0266
2.0286
2.0286
2.0085
2.0055
1.9386
1.8983
2.0598
2.0014
1.8938
1.8747
1.8722
1.8501
1.9069
1.8873
1.9547
1.9969
1.9733
1.9894
2.0039
1.9778
1.9828
1.9325
1.9069
1.9054
1.9381
1.9104
1.9295
1.9240
1.9411
1.9657
1.8983
1.9330
1.9361
1.8767
1.9054
1.9813
1.9195
1.9371
1.8636
1.8953
1.9617
1.9270
1.8586
1.8184
1.8113
1.8335
1.8541
1.9627
2.0029
1.9677
1.9195
1.8556
1.8244
1.7510
1.8219
1.8425
1.8058
1.8541
1.7822
1.9542
1.9406
1.9129
1.9119
1.8164
1.8169
1.7867
1.9014
1.8933
1.8425
1.8058
1.7998
1.8797
1.9305
1.8928
1.9059
1.8843
1.8822
1.8571
1.8154
1.8189
1.8958
1.8450
1.8611
1.9255
1.9542
1.9617
1.9270
1.9225
2.0256
1.9421
1.9245
1.9305
2.0105
2.0060
1.9381
1.9426
1.9753
2.0024
2.0517
1.9728
1.9652
1.9713
1.8812
1.8350
1.8199
1.8536
1.9099
1.9612
1.8958
1.8767
1.9154
1.8722
1.9124
1.9235
1.9511
1.9924
1.9939
1.9838
1.9853
1.9773
1.9340
1.9169
1.9144
1.9240
1.8677
1.8556
1.8375
1.8445
1.8802
1.8455
1.8611
1.8918
1.8651
1.8868
1.8596
1.7978
1.8475
1.7756
1.8003
1.8707
1.8792
1.8143
1.9431
1.9240
1.8777
1.9491
1.9074
1.9386
1.8667
1.9084
1.8978
1.8792
1.9195
1.9069
1.8848
1.8470
1.8420
1.8792
1.9501
1.9054
1.9592
1.9119
1.8782
1.8757
1.8742
1.9225
1.9516
2.0155
1.9793
1.9496
1.9185
1.9350
1.9190
1.9376
1.9295
1.9441
1.9361
1.8752
1.8098
1.8546
1.8264
1.8425
1.8259
1.8244
1.8244
1.8128
1.8797
1.7912
1.8113
1.8355
1.8103
1.8138
1.8048
1.8103
1.7927
1.7585
1.7535
1.8028
1.8918
1.8742
1.8822
1.8782
1.8229
1.8651
1.8853
1.8802
1.8968
1.9315
1.9381
1.8546
1.8164
1.7656
1.7585
1.7857
1.8697
1.8782
1.9290
1.9547
1.9119
1.8893
1.8843
1.8812
1.8727
1.7751
1.8606
1.7892
1.8289
1.8485
1.8541
1.8888
1.9562
1.9144
1.8913
1.9260
1.9853
2.0618
2.0120
1.9662
1.9813
2.0170
1.9994
1.9572
1.9466
1.9582
1.9124
1.9139
1.8370
1.8747
1.8732
1.9572
2.0195
1.9924
1.9703
1.9330
1.9260
1.9119
1.8792
1.8340
1.8199
1.8425
1.8697
1.9109
2.0075
1.9305
1.9567
1.8913
1.8853
1.8697
1.9446
1.9340
1.8541
1.9099
1.9426
1.8702
1.8792
1.8848
1.9129
1.9109
1.8998
1.9139
1.9335
1.9265
1.8893
1.8169
1.8284
1.8164
1.8918
1.7802
1.8536
1.8254
1.8033
1.8289
1.8918
1.9597
1.9476
1.9255
1.9657
1.9496
1.9713
2.0085
2.0055
1.8958
1.8561
1.9024
1.9979
2.0281
2.0120
1.9733
1.9582
1.8812
1.9627
2.0226
1.9954
1.9195
2.0009
1.9456
1.9894
1.9909
1.9803
1.9738
1.9994
1.9562
1.9446
1.9340
1.9863
1.9884
1.9682
1.9431
1.9768
2.0120
1.9768
2.0316
2.0331
2.0236
2.0376
2.0050
2.0547
2.0075
2.0039
1.9582
1.9547
1.9853
1.9984
1.9642
1.9451
1.9567
1.9124
1.9330
1.9245
1.9009
1.9215
1.9411
1.8792
1.9074
1.8656
1.9084
1.9713
1.9446
1.9446
1.9361
1.8983
1.9310
1.9899
1.9371
1.9305
1.8596
1.8817
1.8998
1.8682
1.8697
1.8883
1.9049
1.9376
1.9627
2.0316
1.9798
1.9954
1.9511
1.9713
1.9552
2.0170
1.9687
1.9964
1.8893
1.9471
1.9401
1.9848
2.0180
1.9587
1.9567
1.8918
1.9169
1.8838
1.9305
1.9049
1.9144
1.9969
1.9964
1.9738
2.0110
1.9853
1.9748
1.9280
1.8702
1.8893
1.9642
1.8968
1.8677
1.9426
1.9657
1.9386
1.9738
1.9255
1.8687
1.8048
1.8194
1.8304
1.8722
1.8802
1.8667
1.8239
1.8128
1.8380
1.7696
1.8888
1.7882
1.7952
1.8340
1.8325
1.8189
1.7882
1.8299
1.8797
1.8556
1.9200
1.9612
1.9778
2.0039
2.0739
2.0970
2.0915
2.0563
1.9768
2.0009
1.9667
1.9848
1.9768
1.9491
1.9396
1.8465
1.8083
1.8968
1.8465
1.9139
1.9552
1.9642
2.0261
2.0070
2.0130
1.9753
1.9793
2.0376
1.9723
1.9451
1.9894
1.9270
1.9074
2.0039
1.9803
2.0034
2.0105
2.0060
1.9934
1.9290
1.9642
1.9406
1.9627
1.9607
2.0527
1.9325
1.9154
1.9451
1.9682
1.9527
1.9843
1.9547
1.8782
1.9703
1.9657
1.9401
1.9109
1.8782
1.9818
1.9516
1.8898
1.9149
2.0291
2.0296
2.0537
2.0361
2.0266
1.9521
1.9431
2.0381
2.0180
2.0216
2.0663
1.9919
2.1076
2.0381
1.9939
1.9612
1.9989
1.9662
1.9728
1.9994
2.0517
2.0155
1.9884
2.0120
1.9642
2.0447
2.0734
2.0537
2.1226
2.1111
2.1468
2.1081
2.0366
1.9728
1.9773
1.9496
1.9280
1.9773
1.9703
1.9335
2.0014
2.0316
1.9582
2.0291
2.0316
1.9783
1.9396
1.9537
2.0784
2.1221
2.0573
1.9662
1.8978
1.9547
1.9542
1.9939
1.9939
2.0477
2.0658
2.0261
1.9969
1.9753
1.9698
1.9542
1.9632
1.9813
2.0266
2.0598
2.0336
1.9592
1.9889
1.9381
1.9848
2.0306
2.0095
2.0492
2.0241
2.1010
2.0422
1.9667
1.9838
2.0070
1.9823
1.9853
1.9964
2.0381
2.0799
2.0472
2.0336
2.0990
2.0397
2.1236
2.0799
2.0809
2.0477
2.1191
2.0970
2.0512
2.0678
2.0910
2.0769
2.0889
2.1287
2.0844
2.1262
2.1025
2.0849
2.0412
2.0723
2.0633
2.1191
2.1086
2.0502
1.9310
1.9456
1.9149
1.9451
1.9778
2.0024
2.0226
2.0034
1.9889
1.9924
2.1086
2.1553
2.1241
2.1236
2.1433
2.1684
2.1996
2.1689
2.1448
2.0915
2.0889
2.0754
2.0542
2.0180
2.0216
2.0583
2.0517
2.1101
2.0920
2.0879
2.0754
2.0970
2.0708
1.9989
2.0387
2.0477
2.0985
2.0387
2.0170
2.1171
2.0412
2.0829
2.0804
2.0799
1.9934
2.0573
2.0190
1.9698
2.0175
2.0130
2.0387
2.0688
2.0497
2.0447
2.0653
2.1005
2.0306
2.0009
1.9884
1.9984
2.0552
2.1156
2.1065
2.1201
2.0547
2.1141
2.0527
2.1216
2.1307
2.1714
2.1880
2.1196
2.1191
2.1196
2.1724
2.1920
2.1624
2.1830
2.2011
2.2333
2.1729
2.0965
2.1025
2.0854
2.1050
2.1307
2.1171
2.1714
2.1785
2.2609
2.3102
2.2197
2.1407
2.1900
2.1820
2.1458
2.1297
2.1589
2.1387
2.1654
2.0769
1.9914
2.0024
2.0200
2.1211
2.1201
2.2051
2.1734
2.1387
2.1448
2.1397
2.1448
2.1493
2.1081
2.1221
2.1317
2.1297
2.0728
2.1377
2.1875
2.1915
2.2283
2.2438
2.2665
2.2308
2.1689
2.1900
2.1724
2.1478
2.1317
2.0728
2.1267
2.1880
2.1729
2.2343
2.1739
2.2021
2.2569
2.2338
2.2474
2.1619
2.1634
2.2474
2.2368
2.2076
2.1322
2.1709
2.1704
2.1684
2.2308
2.2358
2.2388
2.2197
2.2685
2.2635
2.2388
2.2308
2.2972
2.3811
2.3485
2.3238
2.2433
2.2972
2.3062
2.2801
2.2735
2.2353
2.2081
2.2076
2.2157
2.2579
2.2323
2.1946
2.2288
2.2333
2.2574
2.3309
2.3087
2.2936
2.2730
2.3082
2.2730
2.2343
2.2484
2.2267
2.2544
2.2755
2.2564
2.1915
2.1619
2.0552
2.1055
2.1503
2.1216
2.1523
2.1865
2.2247
2.2182
2.2036
2.1729
2.1498
2.1845
2.2921
2.3651
2.3138
2.3082
2.2096
2.2066
2.1739
2.1407
2.1563
2.1573
2.2428
2.2353
2.2484
2.2157
2.1704
2.1367
2.1634
2.1624
2.2172
2.2992
2.3696
2.3610
2.2896
2.2685
2.2635
2.2388
2.1428
2.1709
2.2227
2.3565
2.2851
2.2227
2.2484
2.2921
2.2378
2.2494
2.1946
2.1780
2.1734
2.2016
2.1961
2.2504
2.2076
2.2288
2.2338
2.2896
2.3309
2.3122
2.3495
2.3012
2.2982
2.2217
2.2715
2.2544
2.2730
2.2227
2.2821
2.3062
2.2801
2.2609
2.2740
2.2569
2.2202
2.1749
2.2358
2.3017
2.2454
2.2896
2.2670
2.3263
2.3173
2.3525
2.3776
2.3042
2.3741
2.3107
2.2640
2.2916
2.3208
2.3133
2.2539
2.3404
2.3922
2.3439
2.3530
2.3485
2.3530
2.2846
2.2967
2.2967
2.2846
2.2625
2.2388
2.2609
2.2272
2.2112
2.2504
2.3872
2.3319
2.2579
2.2660
2.2660
2.2715
2.2871
2.2992
2.2856
2.3822
2.4224
2.3369
2.3459
2.3314
2.3314
2.2680
2.2836
2.2851
2.2755
2.2806
2.2288
2.2650
2.3253
2.2625
2.3012
2.3485
2.2916
2.2695
2.2866
2.2544
2.2313
2.2152
2.2122
2.2730
2.2992
2.3293
2.2454
2.2132
2.1689
2.1890
2.2780
2.3042
2.2997
2.3510
2.3339
2.2951
2.2941
2.3138
2.2242
2.1951
2.2197
2.2272
2.2539
2.3263
2.3394
2.3998
2.3615
2.2916
2.3017
2.3711
2.3520
2.3158
2.2987
2.2972
2.2519
2.2177
2.1503
2.1010
2.1055
2.1081
2.1131
2.1785
2.1749
2.1810
2.1433
2.1714
2.1568
2.1065
2.0784
2.1096
2.1025
2.1060
2.1845
2.1684
2.1986
2.2725
2.2554
2.2740
2.2459
2.1961
2.1759
2.2061
2.1423
2.0925
2.0990
2.0633
2.0879
2.1060
2.1749
2.1830
2.1870
2.1820
2.1453
2.1599
2.1387
2.1986
2.2806
2.2715
2.3087
2.2821
2.3052
2.2383
2.1759
2.1412
2.1568
2.1583
2.1920
2.2157
2.2137
2.2433
2.2760
2.3133
2.2740
2.2041
2.2906
2.2579
2.2780
2.2494
2.3243
2.2096
2.1664
2.1654
2.1438
2.2127
2.2635
2.2695
2.2323
2.2152
2.2549
2.2101
2.2096
2.1870
2.1920
2.2167
2.2137
2.2549
2.1689
2.1870
2.1910
2.2172
2.2157
2.2122
2.1382
2.1543
2.1035
2.0779
2.0774
2.0874
2.0874
2.0839
2.0291
1.9989
2.0195
2.0769
2.0854
2.0960
2.1754
2.1111
2.1880
2.2036
2.1599
2.1518
2.1433
2.1387
2.1428
2.1055
2.0889
2.1594
2.2252
2.3158
2.3510
2.3037
2.2388
2.2403
2.2112
2.1679
2.2086
2.1739
2.1423
2.1126
2.1910
2.1936
2.0920
2.1081
2.1322
2.1201
2.1402
2.2096
2.1875
2.1599
2.1609
2.1714
2.1805
2.1966
2.1775
2.1428
2.1473
2.1951
2.1981
2.2101
2.2197
2.1749
2.2574
2.2222
2.2182
2.2247
2.2735
2.2780
2.2806
2.2086
2.2609
2.2992
2.2127
2.2318
2.2564
2.1694
2.1996
2.1518
2.1543
2.1568
2.2006
2.1694
2.0945
2.1644
2.1528
2.2293
2.1181
2.1493
2.0879
2.1081
2.1121
2.1241
2.1448
2.1171
2.2021
2.1176
2.1096
2.0799
2.2127
2.2529
2.1870
2.1382
2.1448
2.1287
2.2318
2.1714
2.1498
2.0784
2.0879
2.1282
2.2112
2.2413
2.1996
2.2127
2.2217
2.2589
2.2358
2.1749
2.2237
2.1966
2.1367
2.1528
2.0809
2.1438
2.1166
2.0854
2.1156
2.1594
2.1820
2.2298
2.2237
2.1337
2.1297
2.1594
2.1503
2.2061
2.1966
2.1548
2.2378
2.2826
2.2750
2.2680
2.2313
2.2660
2.2715
2.2982
2.2524
2.2308
2.2132
2.2428
2.2338
2.1941
2.2715
2.1915
2.1729
2.1920
2.1639
2.1312
2.0854
2.0407
2.0593
2.0970
2.1030
2.0749
2.0542
2.0477
2.0552
2.0407
2.0708
2.0728
2.1050
2.1739
2.2333
2.1407
2.1478
2.1498
2.1131
2.1241
2.0593
2.0588
2.0120
2.0286
1.9868
1.9572
2.0502
2.0568
2.1367
2.1951
2.2197
2.2051
2.2056
2.1407
2.1910
2.1292
2.1382
2.1759
2.1101
2.0915
2.0668
2.0894
2.0869
2.0412
2.0200
2.0009
1.9994
1.9451
1.9260
1.9853
1.9315
1.9698
2.0920
2.1312
2.1171
2.0879
2.0849
2.0728
2.1055
2.1201
2.1724
2.1297
2.1800
2.1543
2.1131
2.1679
2.1795
2.1412
2.1040
2.0568
2.0190
2.0009
2.0517
2.0804
2.0910
2.1714
2.1684
2.1785
2.1754
2.2252
2.2413
2.1679
2.0583
2.0618
2.0125
1.9969
2.0175
1.9899
1.9919
1.9914
1.9703
1.9652
1.9617
1.9818
1.9939
1.9828
1.9431
1.9667
1.9954
1.9939
2.0150
2.0195
1.9979
2.0598
1.9894
1.9471
1.9698
2.0070
1.9939
1.9733
1.9773
1.8636
1.9476
1.9803
2.0150
1.9783
1.9597
2.0422
2.0190
2.0216
2.0361
1.9939
2.1377
2.1548
2.1659
2.1548
2.0824
2.1141
2.1795
2.1428
2.0955
2.0563
2.0306
1.9798
1.9723
1.9652
1.9195
1.9265
1.8913
1.8953
1.9200
1.9592
2.0150
2.0009
2.0080
2.0376
1.9924
1.9934
1.9627
1.9371
1.9627
2.0029
2.0527
2.0050
2.0130
2.0080
1.9924
2.0029
2.0120
2.0387
2.0915
2.1201
2.0210
2.0985
2.0296
2.0422
2.0940
2.0055
2.0236
1.9843
1.9225
1.9295
1.8591
1.8626
1.8400
1.8677
1.8988
1.9014
1.9466
1.9698
2.0492
2.0874
2.0306
1.9682
1.9637
2.0034
2.0960
2.0286
2.0713
2.0728
2.0311
2.0749
2.0336
2.0854
2.0849
2.1247
2.1241
2.1342
2.0779
2.0547
2.0713
2.0638
2.0266
2.0527
2.0366
2.0366
2.0261
1.9753
1.9381
1.9924
2.0261
1.9758
2.0216
1.9733
1.9874
1.9994
2.0407
2.0190
1.9587
1.9456
1.9154
1.9547
1.9868
2.0241
2.0145
2.0100
2.0482
2.0759
2.0120
1.9451
1.9657
1.9642
1.9708
1.9868
2.0195
2.0125
2.0296
1.9562
1.9441
1.8933
1.8757
1.8626
1.8631
1.8908
1.8410
1.8687
1.8677
1.8782
1.8953
1.9406
1.9441
1.9768
1.9491
1.9803
2.0050
2.0034
2.0200
2.0668
2.1322
2.1941
2.1845
2.1367
2.1654
2.1106
2.0497
2.0769
1.9818
1.9843
1.9778
1.9914
2.0336
2.0447
2.1272
2.1357
2.1951
2.1438
2.1176
2.2132
2.1040
2.0774
2.0663
2.1438
2.2313
2.1307
2.1272
2.1568
2.0844
2.0195
2.0336
2.0663
2.0678
2.0809
2.0683
2.0608
2.0769
2.1191
2.0547
2.1030
2.0537
2.0713
2.0512
2.1005
2.1367
2.1111
2.1503
2.1030
2.0960
2.0703
2.0723
2.0195
2.0336
2.0236
2.0598
2.0316
2.0331
2.1176
2.1387
2.1453
2.2343
2.2061
2.1322
2.1599
2.0965
2.1126
2.1634
2.0879
2.1181
2.1287
2.0829
2.1669
2.1870
2.1599
2.1709
2.1166
2.1609
2.1493
2.1754
2.1171
2.1191
2.0769
2.0869
2.0849
2.0407
1.9657
2.0326
2.1181
2.0236
2.0583
2.0200
2.0140
2.0291
2.0291
2.0427
2.0613
2.0769
2.0537
2.0497
2.0361
2.0784
2.1201
2.0794
2.1201
2.1312
2.0854
2.0331
2.0241
2.0688
2.0075
2.0246
2.1126
2.1146
2.1060
2.0774
2.0432
2.0427
2.0080
1.9748
1.9884
2.0100
2.0492
2.0668
2.0376
2.0055
2.0542
2.0271
2.0190
2.0653
2.1538
2.1639
2.2076
2.1850
2.1377
2.1030
2.1272
2.1689
2.0925
2.0879
2.0754
2.0432
2.0210
2.0568
2.0940
2.1312
2.1181
2.0336
2.0547
2.0291
2.0200
2.0356
2.0774
2.0985
2.1458
2.1191
2.0985
2.0920
2.0784
2.0995
2.1055
2.0874
2.0633
2.0563
2.0412
2.0271
2.0095
1.9843
2.0050
1.9698
2.0502
2.0241
2.0492
2.0351
2.0889
2.1076
2.0990
2.0935
2.0910
2.1181
2.1191
2.1096
2.0899
2.1292
2.0960
2.1332
2.1920
2.1528
2.2107
2.2147
2.2137
2.2308
2.2665
2.1765
2.1840
2.1367
2.1754
2.1709
2.2006
2.3500
2.3344
2.3122
2.3178
2.3424
2.2449
2.2856
2.2967
2.3168
2.2589
2.2112
2.2308
2.2262
2.2197
2.2594
2.2031
2.1614
2.2237
2.2086
2.1961
2.1342
2.1538
2.2408
2.2423
2.2539
2.2202
2.2368
2.2403
2.2509
2.2710
2.3087
2.3243
2.2941
2.2826
2.2408
2.2962
2.2735
2.3107
2.3248
2.2428
2.1478
2.1619
2.1634
2.1820
2.1669
2.1438
2.1599
2.1805
2.1981
2.1684
2.0854
2.1252
2.1458
2.0869
2.1795
2.1211
2.1734
2.2132
2.1890
2.1941
2.1850
2.1282
2.1377
2.1005
2.0723
2.1377
2.1548
2.1679
2.1247
2.1010
2.1367
2.2016
2.1915
2.1201
2.0995
2.0397
2.1342
2.1196
2.1096
2.1226
2.1111
2.0703
2.0296
2.0311
2.0537
2.0915
2.1086
2.1121
2.1669
2.1453
2.2237
2.2856
2.2202
2.3349
2.2705
2.2529
2.2831
2.2962
2.2730
2.2343
2.3112
2.2006
2.1800
2.1563
2.1880
2.1714
2.1583
2.1991
2.2011
2.1810
2.2831
2.3158
2.3625
2.3756
2.3122
2.3178
2.2997
2.2222
2.2177
2.1508
2.1644
2.1654
2.1624
2.1428
2.1573
2.2122
2.2313
2.2665
2.2504
2.2308
2.2021
2.2127
2.2509
2.2081
2.2182
2.2454
2.2041
2.1523
2.2172
2.2680
2.3153
2.3711
2.3107
2.3042
2.3203
2.2710
2.2524
2.2423
2.2740
2.2775
2.2167
2.2358
2.2484
2.2811
2.3344
2.3339
2.3545
2.2740
2.2765
2.3439
2.3505
2.3344
2.3892
2.3424
2.2967
2.2946
2.3153
2.3278
2.2992
2.3077
2.3766
2.3872
2.3927
2.3706
2.3922
2.3434
2.3012
2.2433
2.2459
2.3092
2.2614
2.2036
2.1830
2.1573
2.1890
2.2152
2.1493
2.1317
2.1382
2.0703
2.0723
2.0749
2.1272
2.1352
2.2076
2.1870
2.2428
2.2343
2.1941
2.1971
2.1991
2.1594
2.1171
2.1397
2.0910
2.1307
2.2036
2.2227
2.2313
2.2454
2.2997
2.2962
2.2096
2.2182
2.2207
2.2272
2.2107
2.2635
2.3017
2.2765
2.2901
2.2695
2.2645
2.2167
2.2031
2.2051
2.1619
2.1171
2.1619
2.1946
2.2383
2.2625
2.3218
2.3032
2.3057
2.2901
2.2579
2.2449
2.2137
2.2645
2.2177
2.2665
2.1759
2.1201
2.1523
2.2066
2.1111
2.2081
2.2177
2.2368
2.3359
2.3661
2.3253
2.3379
2.2856
2.1729
2.2112
2.2740
2.2997
2.1679
2.2318
2.2343
2.1855
2.1785
2.1946
2.2403
2.2620
2.2589
2.2765
2.2479
2.2906
2.2901
2.3012
2.3067
2.2066
2.2524
2.1981
2.1780
2.1961
2.1754
2.2262
2.1991
2.3273
2.3293
2.3193
2.3741
2.3751
2.3012
2.3505
2.3570
2.3495
2.3671
2.3681
2.3067
2.3555
2.3877
2.4148
2.3615
2.3449
2.2454
2.2358
2.2589
2.2670
2.2504
2.2272
2.2650
2.2710
2.3495
2.3032
2.3424
2.3278
2.2760
2.2036
2.3324
2.3424
2.2690
2.1895
2.1920
2.1438
2.1478
2.2036
2.1614
2.1407
2.2313
2.2765
2.2494
2.2152
2.1800
2.1759
2.2252
2.1880
2.1297
2.0633
2.0774
2.1297
2.1589
2.0407
2.1780
2.1015
2.1458
2.1518
2.2388
2.1468
2.1065
2.0683
2.1015
2.1915
2.1548
2.1030
2.0653
2.0241
2.0175
2.0105
2.0180
2.1076
2.1332
2.0829
2.1448
2.1830
2.2081
2.2599
2.2574
2.2645
2.2921
2.2283
2.2132
2.2428
2.2650
2.2705
2.2539
2.2524
2.2192
2.2252
2.1986
2.1583
2.1800
2.1262
2.1453
2.1397
2.1543
2.1478
2.1191
2.1724
2.2127
2.2308
2.2252
2.2519
2.2081
2.2594
2.2569
2.2755
2.3208
2.2806
2.3042
2.3208
2.2388
2.2298
2.1936
2.1433
2.1689
2.1986
2.1252
2.1453
2.1810
2.2076
2.3022
2.3424
2.3273
2.2343
2.2594
2.3173
2.3756
2.3107
2.2408
2.3615
2.4058
2.2916
2.3178
2.2544
2.3057
2.3776
2.3988
2.3173
2.3218
2.2906
2.2494
2.2499
2.1543
2.2293
2.2338
2.2484
2.2262
2.2524
2.2831
2.2750
2.3092
2.2308
2.2403
2.2750
2.3409
2.3288
2.3610
2.3012
2.2333
2.2796
2.3776
2.4501
2.3877
2.4179
2.4078
2.3243
2.3691
2.3293
2.3183
2.3424
2.2549
2.2846
2.3067
2.3349
2.3148
2.2866
2.2454
2.2237
2.1880
2.2750
2.2801
2.3122
2.2665
2.3022
2.3314
2.3535
2.2936
2.2620
2.2780
2.2614
2.3314
2.2680
2.2192
2.2308
2.2333
2.2378
2.2061
2.1131
2.2096
2.2609
2.3092
2.3801
2.3666
2.3158
2.3102
2.2393
2.2433
2.2760
2.1951
2.2388
2.3268
2.2765
2.2454
2.2715
2.3273
2.2871
2.2670
2.3480
2.3339
2.2152
2.2016
2.1920
2.1211
2.1734
2.1810
2.2096
2.2393
2.2625
2.2906
2.2901
2.3424
2.4038
2.4294
2.3706
2.3087
2.3243
2.4108
2.3696
2.3595
2.2785
2.2494
2.3122
2.3173
2.3319
2.2997
2.2428
2.2237
2.3032
2.2680
2.2730
2.2992
2.3268
2.3600
2.3319
2.4460
2.4068
2.3781
2.3127
2.3480
2.3661
2.3681
2.4420
2.4802
2.4953
2.4229
2.4531
2.4435
2.3731
2.3620
2.3756
2.3967
2.3711
2.4234
2.4435
2.3806
2.3575
2.2871
2.3087
2.2715
2.2775
2.3107
2.3475
2.3651
2.4103
2.4646
2.4420
2.4782
2.5039
2.5884
2.5763
2.6004
2.5562
2.4988
2.5295
2.4893
2.4923
2.5466
2.4928
2.5164
2.5014
2.4596
2.4480
2.3977
2.3922
2.4088
2.3892
2.4179
2.4274
2.4782
2.4078
2.4219
2.3998
2.3721
2.3505
2.3671
2.3032
2.3640
2.3575
2.3077
2.3565
2.4133
2.3711
2.3721
2.3625
2.3867
2.4460
2.4068
2.4309
2.5008
2.5109
2.4556
2.4571
2.4787
2.3671
2.3384
2.2524
2.3449
2.3852
2.4551
2.4878
2.4385
2.4440
2.3847
2.4767
2.4827
2.5195
2.5572
2.5225
2.4853
2.4767
2.4837
2.4345
2.4093
2.3691
2.2695
2.2866
2.2962
2.1996
2.1875
2.2564
2.3600
2.3414
2.3495
2.3359
2.2494
2.2992
2.2549
2.2544
2.1780
2.2267
2.2182
2.1830
2.2408
2.2318
2.3198
2.2891
2.2780
2.3238
2.3671
2.3464
2.3324
2.4294
2.3922
2.3339
2.2695
2.3600
2.3520
2.3897
2.3635
2.3666
2.3786
2.3882
2.3741
2.3525
2.3364
2.3012
2.3067
2.3349
2.3580
2.2962
2.3153
2.3409
2.3600
2.3510
2.3766
2.3766
2.3857
2.3716
2.3092
2.3565
2.3811
2.3907
2.3545
2.4018
2.3721
2.3666
2.3686
2.3801
2.3776
2.4289
2.3942
2.4521
2.4420
2.4033
2.4063
2.4088
2.3248
2.4108
2.3495
2.3133
2.2333
2.2780
2.2806
2.2715
2.3610
2.3967
2.3510
2.3454
2.3107
2.3791
2.3158
2.3278
2.3485
2.3565
2.3711
2.3610
2.2992
2.3183
2.3334
2.3319
2.3962
2.3475
2.3972
2.3711
2.3927
2.3972
2.3822
2.4420
2.4043
2.3429
2.4053
2.4390
2.4324
2.4269
2.4123
2.4556
2.3927
2.3666
2.4013
2.3837
2.3595
2.3309
2.3635
2.3550
2.3801
2.4224
2.3998
2.4566
2.4883
2.3947
2.3882
2.4395
2.4420
2.4350
2.4636
2.4827
2.4878
2.5019
2.5325
2.4606
2.4068
2.4319
2.3847
2.3927
2.4294
2.3520
2.3052
2.3635
2.3882
2.3721
2.4063
2.4294
2.3947
2.4103
2.4013
2.3741
2.3741
2.3510
2.3892
2.4395
2.4008
2.4566
2.4365
2.4294
2.4249
2.4133
2.4551
2.4194
2.3867
2.4360
2.3993
2.4666
2.3691
2.3706
2.4133
2.4777
2.3449
2.3429
2.3082
2.3972
2.3384
2.3464
2.3867
2.4460
2.4279
2.4133
2.4787
2.4732
2.5119
2.5441
2.5627
2.5044
2.5874
2.5552
2.5295
2.5129
2.5718
2.5979
2.5828
2.6804
2.6341
2.5698
2.5300
2.5109
2.4893
2.5014
2.4475
2.4596
2.4928
2.4013
2.3837
2.4013
2.3414
2.3791
2.3776
2.3666
2.3565
2.3832
2.3575
2.3324
2.4043
2.4395
2.4450
2.4576
2.4480
2.4832
2.5084
2.4204
2.3897
2.3852
2.4350
2.4717
2.4672
2.4013
2.4269
2.4229
2.4319
2.3545
2.4113
2.4219
2.4626
2.4712
2.5205
2.5698
2.5511
2.5929
2.5899
2.5768
2.6211
2.6211
2.6326
2.5793
2.6231
2.5371
2.5290
2.5421
2.5532
2.5506
2.4636
2.4837
2.5506
2.5919
2.5361
2.4757
2.4707
2.5431
2.6040
2.5677
2.6150
2.5964
2.5833
2.5924
2.6014
2.5974
2.6040
2.6442
2.5858
2.5627
2.5265
2.5300
2.5537
2.5089
2.5698
2.6050
2.5371
2.5909
2.5456
2.5361
2.4837
2.4863
2.4792
2.4420
2.5954
2.5185
2.5989
2.6070
2.5582
2.5431
2.5210
2.4943
2.5386
2.5179
2.5557
2.4883
2.5119
2.5833
2.5300
2.5969
2.5838
2.5617
2.5396
2.5406
2.5406
2.5300
2.6070
2.5597
2.6387
2.7232
2.7086
2.6779
2.6321
2.6205
2.6326
2.6211
2.6532
2.5818
2.5315
2.5129
2.5094
2.5275
2.5350
2.5692
2.5818
2.6251
2.6366
2.6120
2.6276
2.5853
2.6371
2.6547
2.6366
2.6990
2.6376
2.5713
2.5738
2.6306
2.6502
2.6442
2.6507
2.6553
2.5949
2.5456
2.5134
2.5210
2.4938
2.5491
2.5159
2.5642
2.5371
2.5501
2.5366
2.5813
2.5617
2.5994
2.5733
2.5230
2.5501
2.5481
2.5265
2.5300
2.6276
2.6180
2.6085
2.5808
2.6462
2.6095
2.6759
2.6849
2.6925
2.6341
2.5989
2.5964
2.5295
2.5858
2.5436
2.4998
2.5325
2.5557
2.6060
2.6532
2.5818
2.6150
2.5924
2.5899
2.5361
2.6130
2.6150
2.6527
2.6633
2.6236
2.5506
2.5597
2.5874
2.5325
2.4596
2.4707
2.5411
2.4988
2.6477
2.7071
2.6120
2.6688
2.6296
2.6392
2.6060
2.5979
2.6065
2.5366
2.5713
2.5622
2.5361
2.5692
2.6361
2.5919
2.6417
2.6281
2.5964
2.5416
2.5723
2.5853
2.5848
2.5320
2.5034
2.5652
2.5486
2.5466
2.5557
2.5119
2.5406
2.5411
2.5622
2.5662
2.4863
2.4591
2.5949
2.5738
2.6180
2.6829
2.6789
2.5929
2.5698
2.5617
2.6432
2.6593
2.5627
2.5803
2.5919
2.6014
2.5532
2.4973
2.4878
2.5874
2.5748
2.6105
2.5929
2.5290
2.5416
2.5627
2.5044
2.4616
2.4289
2.4038
2.4053
2.3852
2.4345
2.4712
2.4269
2.4023
2.4174
2.4153
2.3942
2.4108
2.3696
2.3580
2.3520
2.3565
2.3183
2.3414
2.4350
2.5250
2.5617
2.5250
2.5195
2.4199
2.3857
2.3827
2.4113
2.4033
2.4475
2.3756
2.4063
2.4938
2.4646
2.5039
2.5265
2.4651
2.4103
2.4340
2.5139
2.5205
2.5039
2.5024
2.4269
2.4244
2.4873
2.5954
2.5386
2.5411
2.5315
2.5220
2.4536
2.5290
2.4455
2.4174
2.5034
2.5230
2.5275
2.5416
2.4576
2.3922
2.3651
2.3248
2.3153
2.4365
2.4420
2.4455
2.4058
2.4174
2.4712
2.5079
2.4229
2.3681
2.3917
2.4269
2.5315
2.5024
2.4687
2.5396
2.5195
2.4737
2.4360
2.3459
2.4289
2.3806
2.3791
2.4737
2.4928
2.3781
2.3661
2.3988
2.4556
2.3942
2.4289
2.4159
2.3736
2.3640
2.3535
2.4229
2.4093
2.4973
2.5602
2.4938
2.4943
2.4737
2.4938
2.4521
2.4335
2.3867
2.3811
2.3927
2.3761
2.3751
2.4159
2.4807
2.4641
2.4626
2.5024
2.4591
2.4606
2.4591
2.5647
2.4968
2.5280
2.4581
2.4692
2.5079
2.4309
2.4264
2.4450
2.5552
2.5828
2.5833
2.6050
2.6547
2.6678
2.6246
2.6366
2.5376
2.5290
2.5436
2.5436
2.5758
2.5768
2.6226
2.6744
2.6854
2.6487
2.5793
2.5904
2.5687
2.6140
2.5964
2.5818
2.6160
2.5552
2.6140
2.6703
2.5969
2.5733
2.6180
2.5667
2.5064
2.4536
2.4863
2.5104
2.5602
2.5783
2.5491
2.5677
2.5079
2.4953
2.6246
2.5602
2.5134
2.5094
2.4531
2.4324
2.4184
2.4174
2.4601
2.4370
2.4737
2.4395
2.3902
2.4164
2.4480
2.3766
2.5376
2.5828
2.5200
2.5059
2.4717
2.4893
2.5134
2.5210
2.4616
2.4928
2.5592
2.6070
2.6024
2.6085
2.5828
2.5944
2.6351
2.6110
2.5617
2.5245
2.5164
2.4918
2.6115
2.5934
2.5718
2.6155
2.6281
2.5884
2.6794
2.6668
2.5949
2.5808
2.5295
2.5014
2.5532
2.5833
2.5501
2.5698
2.5315
2.5129
2.4883
2.5506
2.4973
2.5602
2.5134
2.5622
2.5250
2.5733
2.5642
2.5481
2.5044
2.4822
2.5084
2.4837
2.4672
2.4641
2.4742
2.5547
2.5511
2.4963
2.4873
2.5486
2.5366
2.4742
2.4807
2.4752
2.5034
2.5230
2.4878
2.4998
2.5421
2.5637
2.5255
2.5949
2.5069
2.5164
2.5964
2.5210
2.5149
2.5008
2.5627
2.5320
2.5019
2.5974
2.5195
2.5154
2.4787
2.4511
2.3686
2.4018
2.4807
2.4435
2.4033
2.4078
2.4395
2.5290
2.4480
2.4279
2.4571
2.4687
2.4551
2.4450
2.4224
2.4601
2.4294
2.4360
2.3776
2.4083
2.4103
2.4546
2.3711
2.4566
2.4767
2.4621
2.4294
2.4782
2.4943
2.5069
2.4722
2.4998
2.5109
2.5290
2.5295
2.5225
2.5164
2.5456
2.5325
2.5662
2.5828
2.5305
2.5230
2.4858
2.5205
2.5366
2.5919
2.5466
2.5255
2.4973
2.4465
2.4385
2.4536
2.4440
2.4370
2.5481
2.5024
2.4501
2.4521
2.4742
2.4707
2.5205
2.5597
2.5874
2.5748
2.5466
2.5139
2.5079
2.5079
2.5692
2.5627
2.5366
2.5159
2.5134
2.4988
2.5733
2.6512
2.6457
2.6095
2.5617
2.5557
2.5109
2.5396
2.5280
2.5964
2.6371
2.6447
2.6085
2.6553
2.6693
2.7111
2.7136
2.5964
2.5718
2.5436
2.5853
2.5049
2.5039
2.5340
2.4928
2.4953
2.4752
2.5552
2.7005
2.6920
2.6648
2.6346
2.5783
2.6014
2.6180
2.6226
2.6135
2.6050
2.6306
2.6512
2.6130
2.5441
2.5235
2.5934
2.6231
2.6246
2.6759
2.6447
2.6281
2.6487
2.6246
2.6040
2.5783
2.6537
2.5607
2.6412
2.6814
2.6462
2.5994
2.6376
2.6346
2.6573
2.6185
2.6090
2.6251
2.6990
2.6809
2.6995
2.6703
2.6719
2.6598
2.7272
2.6884
2.6547
2.6698
2.6593
2.6085
2.5592
2.6397
2.6256
2.6563
2.6713
2.7438
2.6417
2.6060
2.5899
2.6623
2.7292
2.6920
2.6990
2.6809
2.7186
2.7604
2.8016
2.7679
2.8398
2.8182
2.8026
2.7790
2.7111
2.6261
2.7226
2.7050
2.5788
2.5718
2.5325
2.4812
2.4113
2.4430
2.4601
2.5647
2.6120
2.5738
2.5537
2.5501
2.6040
2.6412
2.7327
2.7282
2.7237
2.7835
2.7226
2.6150
2.6291
2.5230
2.5376
2.6346
2.7071
2.6764
2.6205
2.6442
2.6608
2.6628
2.6014
2.6190
2.5672
2.6890
2.6618
2.6221
2.6336
2.6014
2.5863
2.6598
2.5552
2.5627
2.5371
2.5592
2.5562
2.5406
2.5305
2.5662
2.5803
2.5617
2.5345
2.5904
2.5999
2.5642
2.6547
2.6467
2.6105
2.5838
2.6578
2.5979
2.6578
2.5376
2.5602
2.5350
2.5255
2.5290
2.5637
2.5713
2.5848
2.5848
2.5527
2.5406
2.6160
2.6809
2.5828
2.5733
2.6703
2.6713
2.6603
2.5245
2.5376
2.5451
2.5662
2.6341
2.5904
2.5999
2.6392
2.6678
2.6150
2.6392
2.6563
2.6593
2.6935
2.6673
2.6467
2.6633
2.6221
2.6442
2.5758
2.5763
2.5159
2.5672
2.5919
2.5275
2.5210
2.5884
2.5672
2.5597
2.5879
2.6175
2.5662
2.5708
2.5537
2.5949
2.6226
2.6553
2.6150
2.5979
2.6477
2.6512
2.7438
2.6130
2.5506
2.6135
2.6160
2.5994
2.6779
2.6045
2.6105
2.5521
2.5924
2.5999
2.5637
2.5275
2.6045
2.5899
2.6512
2.6341
2.5783
2.5919
2.7181
2.6633
2.5195
2.5677
2.6779
2.6854
2.6407
2.6140
2.6080
2.6442
2.6407
2.5929
2.5793
2.5808
2.5818
2.6140
2.6482
2.6965
2.6794
2.7292
2.7141
2.7563
2.7247
2.7096
2.7206
2.7397
2.7438
2.7146
2.6925
2.6744
2.6734
2.5672
2.5818
2.5818
2.6573
2.6608
2.6412
2.6155
2.6512
2.6678
2.6995
2.6809
2.6211
2.5924
2.5476
2.5662
2.5929
2.6336
2.6739
2.6412
2.5733
2.6306
2.6618
2.6623
2.6221
2.5486
2.5049
2.4928
2.5687
2.6040
2.6442
2.5863
2.5532
2.5838
2.6045
2.5879
2.5979
2.5527
2.5164
2.5456
2.5024
2.5431
2.4792
2.5179
2.5134
2.4988
2.5079
2.5698
2.5949
2.6034
2.6095
2.6442
2.5672
2.5999
2.5441
2.5527
2.5838
2.5622
2.6105
2.6366
2.6432
2.6819
2.5848
2.5934
2.6251
2.5934
2.6537
2.6804
2.7106
2.7951
2.7528
2.7538
2.6804
2.6653
2.6553
2.7106
2.7548
2.7438
2.6935
2.6563
2.6693
2.6809
2.7307
2.7367
2.7096
2.7206
2.7619
2.6759
2.7272
2.7226
2.7513
2.7317
2.6623
2.6226
2.5909
2.5577
2.5431
2.5532
2.5486
2.5692
2.5109
2.5919
2.5270
2.5220
2.5154
2.5436
2.5537
2.4973
2.5200
2.5456
2.5758
2.5793
2.5808
2.5884
2.6301
2.6507
2.6547
2.6045
2.5677
2.5617
2.5994
2.5969
2.6457
2.6412
2.6271
2.5743
2.6512
2.6135
2.6261
2.6593
2.6397
2.6688
2.7443
2.7468
2.6900
2.6739
2.7141
2.7976
2.8097
2.7307
2.7262
2.6900
2.6200
2.6024
2.5974
2.5833
2.5733
2.5974
2.5929
2.6004
2.6502
2.6668
2.6351
2.6105
2.5979
2.6160
2.6180
2.7257
2.7327
2.6648
2.6673
2.6467
2.6301
2.7040
2.6316
2.6744
2.7252
2.6366
2.6130
2.6583
2.6190
2.6306
2.6628
2.6336
2.5783
2.5788
2.5376
2.5506
2.5044
2.5049
2.5139
2.5637
2.5698
2.6150
2.6482
2.7181
2.7166
2.6512
2.6874
2.5768
2.6422
2.7005
2.7584
2.7247
2.6905
2.6341
2.6110
2.6040
2.6724
2.6829
2.6165
2.6829
2.6890
2.5879
2.5874
2.6190
2.6507
2.6477
2.6739
2.7352
2.7397
2.7433
2.8092
2.7518
2.6789
2.5592
2.5964
2.6150
2.6598
2.6205
2.6321
2.6200
2.5899
2.6105
2.6251
2.6563
2.6387
2.6366
2.6140
2.6376
2.5708
2.5637
2.5803
2.5592
2.5119
2.6024
2.5894
2.5340
2.5350
2.4948
2.4752
2.4269
2.4460
2.5451
2.5436
2.4792
2.5059
2.5677
2.6563
2.6492
2.6955
2.7020
2.6703
2.6291
2.7020
2.6734
2.6633
2.7488
2.7503
2.6457
2.6205
2.6326
2.6211
2.5687
2.4883
2.5652
2.6769
2.7272
2.6376
2.5924
2.5904
2.6432
2.5974
2.6040
2.5039
2.4918
2.6060
2.6744
2.6412
2.7000
2.6281
2.5954
2.5818
2.5733
2.6271
2.6814
2.6673
2.6678
2.7317
2.7176
2.5879
2.5863
2.6296
2.5436
2.4998
2.4918
2.5164
2.5552
2.5627
2.5778
2.5808
2.5396
2.5929
2.5919
2.5803
2.5793
2.6442
2.6301
2.6175
2.6643
2.6442
2.6190
2.6417
2.6281
2.5748
2.5134
2.5366
2.5069
2.4636
2.5250
2.5396
2.5743
2.5662
2.6221
2.6784
2.6970
2.6376
2.5602
2.6190
2.6120
2.7000
2.7131
2.7141
2.7558
2.7015
2.7262
2.8167
2.7096
2.7855
2.6925
2.7397
2.6995
2.6296
2.6276
2.6190
2.5562
2.5094
2.5818
2.5733
2.6060
2.6004
2.6603
2.6739
2.6306
2.6180
2.6200
2.6226
2.5687
2.6135
2.6804
2.7840
2.7025
2.6412
2.6794
2.6251
2.6553
2.6809
2.6558
2.6930
2.6537
2.7005
2.6819
2.7226
2.6879
2.6834
2.7322
2.7262
2.7976
2.7458
2.6819
2.8061
2.6970
2.7342
2.7050
2.6759
2.7071
2.7599
2.7900
2.7931
2.7850
2.8187
2.7815
2.7649
2.7946
2.7307
2.7674
2.8092
2.8061
2.7719
2.7785
2.7936
2.7211
2.6764
2.6437
2.6180
2.6829
2.6361
2.6980
2.6804
2.6874
2.7257
2.7533
2.6361
2.6884
2.6628
2.8122
2.7035
2.7377
2.7408
2.6527
2.6769
2.6648
2.6864
2.7875
2.8132
2.7654
2.7518
2.7830
2.7443
2.7679
2.6900
2.6643
2.7513
2.7719
2.7900
2.7890
2.6965
2.6884
2.7905
2.7629
2.6970
2.7332
2.7397
2.7091
2.7307
2.7599
2.7372
2.8051
2.8137
2.7548
2.7247
2.7206
2.7815
2.7116
2.7855
2.7352
2.7488
2.7307
2.7045
2.7438
2.7463
2.7377
2.7206
2.7071
2.6779
2.6769
2.7362
2.7835
2.7553
2.7548
2.7553
2.6809
2.7297
2.7045
2.6316
2.6739
2.7141
2.8087
2.8811
2.8494
2.7352
2.7946
2.8061
2.7815
2.7976
2.7433
2.7040
2.8212
2.7946
2.7322
2.7161
2.7045
2.6527
2.6578
2.7131
2.6693
2.6477
2.6648
2.6884
2.7156
2.6890
2.7050
2.6749
2.6950
2.7302
2.6719
2.6487
2.6437
2.7252
2.7005
2.6397
2.6160
2.6397
2.6251
2.6668
2.7317
2.6522
2.7931
2.8474
2.8031
2.7448
2.7785
2.7413
2.8066
2.7086
2.6467
2.6422
2.6598
2.6603
2.7061
2.7181
2.6527
2.6447
2.6734
2.6502
2.6447
2.6814
2.6578
2.7237
2.6467
2.6643
2.7186
2.7272
2.7770
2.8675
2.7548
2.7533
2.7322
2.7689
2.7327
2.8122
2.7875
2.8112
2.8187
2.7815
2.8046
2.7820
2.7322
2.7372
2.6990
2.6719
2.6990
2.6809
2.7956
2.7423
2.7558
2.8514
2.8590
2.8207
2.7629
2.8026
2.8766
2.8886
2.7921
2.7292
2.7035
2.7589
2.6397
2.6251
2.5733
2.6175
2.6834
2.6995
2.6829
2.6678
2.6779
2.6547
2.6920
2.6205
2.6547
2.6261
2.6251
2.7438
2.7061
2.7699
2.7443
2.8227
2.7629
2.7936
2.7408
2.7327
2.7232
2.7528
2.7221
2.7091
2.6140
2.6291
2.6502
2.7488
2.7609
2.6950
2.7005
2.6935
2.6558
2.6376
2.7091
2.6034
2.5788
2.6326
2.6422
2.6492
2.5818
2.5833
2.5532
2.5934
2.6437
2.6608
2.5879
2.6296
2.6819
2.6784
2.7091
2.6663
2.6251
2.6578
2.6296
2.6291
2.6281
2.6804
2.7926
2.8051
2.7066
2.6769
2.6749
2.7045
2.7061
2.7921
2.7096
2.6462
2.7040
2.7282
2.8298
2.8519
2.8293
2.7875
2.7272
2.7327
2.8866
2.8232
2.8273
2.7976
2.8112
2.7860
2.7252
2.7111
2.7528
2.7553
2.8398
2.8283
2.8107
2.7971
2.8076
2.7629
2.8247
2.8378
2.8177
2.8449
2.7900
2.7926
2.7724
2.7584
2.8630
2.7961
2.7116
2.7226
2.6879
2.6829
2.6467
2.7061
2.7589
2.8006
2.7674
2.8303
2.7679
2.6900
2.6734
2.6316
2.6397
2.5949
2.5391
2.6246
2.7000
2.8157
2.8202
2.9007
2.8424
2.8076
2.8182
2.8660
2.8378
2.7946
2.7528
2.6688
2.6251
2.5848
2.5416
2.6050
2.5894
2.6205
2.6537
2.6693
2.7211
2.8147
2.8413
2.8087
2.7418
2.7760
2.7508
2.7297
2.7679
2.6890
2.7156
2.7468
2.6859
2.7121
2.6281
2.6371
2.6673
2.6351
2.7071
2.6759
2.7277
2.7131
2.6251
2.6578
2.7146
2.7463
2.7996
2.7885
2.7478
2.6854
2.7347
2.7191
2.7905
2.8886
2.9309
2.8856
2.8424
2.8087
2.7951
2.7332
2.7488
2.7810
2.7418
2.7669
2.7226
2.7071
2.6980
2.6507
2.6095
2.6698
2.6281
2.6351
2.7191
2.6955
2.7000
2.7131
2.6593
2.6834
2.6678
2.7438
2.7232
2.6900
2.6965
2.8147
2.7669
2.8046
2.7624
2.7066
2.6980
2.6905
2.7483
2.8564
2.7367
2.7292
2.7262
2.8373
2.7644
2.7503
2.6975
2.7860
2.8117
2.8811
2.8278
2.7820
2.8076
2.8046
2.7408
2.7750
2.7066
2.7176
2.6955
2.7206
2.7377
2.7111
2.6794
2.6764
2.6955
2.8273
2.8504
2.8273
2.8403
2.7880
2.7050
2.7694
2.7946
2.7745
2.8001
2.7885
2.7483
2.7810
2.8061
2.7936
2.8162
2.8117
2.7961
2.7875
2.8308
2.8107
2.7533
2.7116
2.6804
2.6884
2.7367
2.7946
2.8142
2.7981
2.7563
2.7760
2.7176
2.7367
2.7201
2.7282
2.7448
2.8026
2.7689
2.7971
2.7775
2.7795
2.7423
2.7232
2.7433
2.7448
2.7166
2.7040
2.7890
2.7805
2.8278
2.8107
2.8600
2.9077
2.8574
2.8207
2.8680
2.8504
2.7734
2.7579
2.7563
2.7448
2.7885
2.7921
2.7734
2.7890
2.7805
2.7322
2.8132
2.8237
2.8258
2.8398
2.7981
2.7865
2.8323
2.7905
2.7181
2.8333
2.8992
2.8303
2.8006
2.8097
2.8182
2.8232
2.7850
2.7654
2.8147
2.7257
2.6794
2.6990
2.6487
2.6749
2.7911
2.8046
2.7674
2.7855
2.7362
2.7840
2.7443
2.7563
2.7664
2.8177
2.7704
2.7322
2.6849
2.6819
2.7528
2.8273
2.7880
2.6724
2.7553
2.7558
2.8504
2.8590
2.7911
2.8549
2.8413
2.8932
2.8051
2.8132
2.8298
2.7584
2.7770
2.8147
2.8519
2.7956
2.8273
2.8424
2.8092
2.7835
2.8117
2.7131
2.7116
2.7116
2.7654
2.7503
2.6995
2.7438
2.8097
2.7327
2.7166
2.7890
2.7810
2.7423
2.8398
2.7644
2.7619
2.8247
2.8071
2.8459
2.7418
2.7770
2.8766
2.9092
2.9771
2.9193
2.8564
2.8328
2.7689
2.7976
2.8398
2.7956
2.8066
2.8584
2.8625
2.8579
2.7674
2.7956
2.7961
2.8393
2.7981
2.7669
2.6884
2.6955
2.7750
2.7790
2.7518
2.7724
2.7795
2.7835
2.7865
2.7890
2.7890
2.7604
2.7050
2.6965
2.6462
2.6839
2.6492
2.6034
2.6849
2.5954
2.6462
2.6623
2.6004
2.6935
2.7086
2.7191
2.7161
2.7050
2.6854
2.6623
2.6945
2.7397
2.7342
2.7589
2.7785
2.7317
2.8212
2.8263
2.8509
2.7795
2.6890
2.7272
2.8076
2.8132
2.7367
2.7936
2.8061
2.6874
2.6920
2.6874
2.6819
2.7740
2.7790
2.7211
2.7176
2.6859
2.6160
2.6090
2.6779
2.7061
2.7186
2.7066
2.7091
2.7091
2.6447
2.6829
2.7750
2.7694
2.8071
2.7302
2.7050
2.6955
2.7745
2.8021
2.7775
2.8157
2.7558
2.6910
2.6120
2.6663
2.6884
2.7458
2.7911
2.7297
2.7458
2.8006
2.8006
2.8529
2.9344
2.8786
2.8796
2.9324
2.8655
2.8278
2.8635
2.7936
2.8167
2.7795
2.7513
2.7951
2.8504
2.8997
2.7579
2.7347
2.7609
2.7599
2.7579
2.7045
2.7387
2.7211
2.7936
2.7734
2.7156
2.6819
2.6900
2.7367
2.7634
2.8660
2.8911
2.8298
2.8529
2.7533
2.7644
2.7513
2.7629
2.7609
2.7272
2.8388
2.8831
2.9238
2.8398
2.9022
2.8559
2.8831
2.9258
2.9032
2.8464
2.9399
3.0093
2.9661
2.9143
2.9691
2.9475
3.0053
2.9958
2.9560
2.8856
2.8413
2.7775
2.7936
2.7297
2.7785
2.7096
2.7513
2.7624
2.7166
2.7257
2.7649
2.7624
2.8353
2.8192
2.8343
2.8444
2.7921
2.6975
2.7237
2.7946
2.7418
2.7976
2.7548
2.7443
2.6950
2.6668
2.7302
2.7458
2.7589
2.6945
2.7609
2.7719
2.7035
2.7885
2.7397
2.7548
2.6573
2.6925
2.6537
2.7005
2.7553
2.7362
2.7518
2.7413
2.7654
2.6995
2.7770
2.8232
2.7745
2.7699
2.7664
2.8066
2.7704
2.7563
2.5748
2.5557
2.5828
2.6251
2.6371
2.6879
2.7050
2.6945
2.7734
2.7795
2.7186
2.8232
2.7644
2.8041
2.8237
2.7850
2.7463
2.7463
2.7926
2.8363
2.8263
2.7538
2.7860
2.8207
2.8459
2.7694
2.7961
2.8398
2.7448
2.7890
2.7579
2.8006
2.7443
2.7040
2.7704
2.8519
2.8584
2.8112
2.9238
2.9560
2.9042
2.8237
2.8388
2.8167
2.7679
2.7553
2.7111
2.7433
2.7352
2.7830
2.8911
2.8368
2.9002
2.8539
2.8398
2.7860
2.8192
2.7392
2.7423
2.7785
2.7820
2.6920
2.7911
2.7810
2.7951
2.8700
2.7976
2.7880
2.7775
2.7518
2.7745
2.7805
2.8368
2.8791
2.8484
2.8217
2.8605
2.7810
2.7956
2.7322
2.6834
2.6608
2.6392
2.6462
2.6744
2.7367
2.6779
2.6547
2.7418
2.8403
2.7558
2.7020
2.6950
2.6975
2.7332
2.6864
2.7121
2.6910
2.7282
2.8071
2.8675
2.7332
2.7387
2.8932
2.9424
2.8715
2.7584
2.6935
2.6970
2.7538
2.7322
2.6205
2.6437
2.5441
2.6200
2.6623
2.7277
2.7247
2.6884
2.6321
2.6296
2.6719
2.7458
2.6376
2.7528
2.7835
2.7669
2.7201
2.6955
2.6809
2.7091
2.6769
2.6457
2.7045
2.7061
2.7503
2.7392
2.6900
2.6734
2.6829
2.7307
2.7478
2.7071
2.6884
2.7035
2.6422
2.5743
2.6185
2.6412
2.7664
2.7528
2.8388
2.7835
2.7342
2.7619
2.7176
2.6839
2.6905
2.7926
2.7503
2.7317
2.7689
2.7533
2.7528
2.8489
2.8449
2.8006
2.7694
2.7025
2.6950
2.7418
2.8087
2.8247
2.8398
2.7981
2.7342
2.7810
2.6794
2.6668
2.6779
2.7699
2.8403
2.8610
2.7282
2.6769
2.6834
2.6507
2.6447
2.7342
2.6874
2.6618
2.6432
2.6407
2.6130
2.5436
2.6387
2.6045
2.6316
2.5874
2.6603
2.5904
2.5778
2.5582
2.5652
2.6643
2.6653
2.6019
2.6301
2.5879
2.5858
2.5853
2.7035
2.6739
2.5994
2.6276
2.7111
2.8157
2.7483
2.7513
2.6558
2.6291
2.6487
2.5884
2.5461
2.6618
2.7503
2.7408
2.7418
2.7443
2.8132
2.7136
2.6578
2.6492
2.6653
2.7076
2.7211
2.7629
2.7911
2.8237
2.8388
2.8916
2.8564
2.8635
2.8564
2.7971
2.8071
2.8041
2.7805
2.7307
2.7584
2.7478
2.7483
2.7714
2.7785
2.7719
2.7362
2.7629
2.7061
2.6980
2.6905
2.6537
2.6900
2.6090
2.5506
2.6527
2.7418
2.7131
2.7433
2.6724
2.7674
2.7211
2.7714
2.7161
2.6925
2.6980
2.7423
2.6291
2.6910
2.7181
2.7790
2.7000
2.7015
2.6502
2.6769
2.6442
2.6301
2.5974
2.6160
2.5974
2.5431
2.5637
2.5783
2.6321
2.6412
2.7448
2.7061
2.6965
2.6779
2.6537
2.6905
2.7483
2.7815
2.7629
2.7714
2.7121
2.7015
2.5989
2.6155
2.5763
2.5788
2.5366
2.5069
2.5672
2.6467
2.6839
2.7025
2.7584
2.7694
2.8258
2.7141
2.7025
2.6190
2.7186
2.7483
2.6764
2.7488
2.7181
2.6643
2.6759
2.6537
2.6366
2.6457
2.7257
2.7438
2.7478
2.7468
2.7272
2.7025
2.7050
2.6849
2.6925
2.6749
2.6744
2.6226
2.6014
2.6256
2.6467
2.6950
2.5828
2.6050
2.6618
2.6653
2.6864
2.6703
2.6930
2.6779
2.6864
2.6175
2.6719
2.7146
2.7257
2.6804
2.7297
2.7040
2.7387
2.6236
2.6553
2.6366
2.6457
2.6412
2.6688
2.5622
2.6110
2.6346
2.6130
2.5853
2.5627
2.5572
2.5441
2.5537
2.5185
2.5129
2.5094
2.5295
2.5532
2.7252
2.6698
2.6693
2.7025
2.7146
2.7468
2.7377
2.6653
2.6457
2.6532
2.7086
2.6024
2.5788
2.6110
2.6346
2.5929
2.6014
2.7015
2.7045
2.6854
2.6809
2.7377
2.7327
2.7061
2.7397
2.6794
2.7297
2.7885
2.6945
2.7418
2.7443
2.7478
2.7076
2.6537
2.6900
2.6849
2.7765
2.7926
2.6759
2.6950
2.6980
2.7830
2.6502
2.6321
2.5884
2.5874
2.5667
2.5713
2.6065
2.5803
2.5708
2.5853
2.5964
2.5396
2.5089
2.4853
2.5205
2.5582
2.6180
2.5763
2.6422
2.6487
2.8021
2.8232
2.8484
2.7619
2.6648
2.6558
2.6060
2.7045
2.6547
2.7025
2.6200
2.5879
2.6306
2.6296
2.5335
2.5350
2.5361
2.6226
2.6256
2.6024
2.5999
2.6507
2.6326
2.8021
2.6925
2.6874
2.7679
2.7226
2.8142
2.8006
2.7247
2.7765
2.8539
2.8187
2.7900
2.7277
2.7232
2.7740
2.8217
2.8579
2.7478
2.6990
2.7232
2.6990
2.7875
2.7584
2.7905
2.8328
2.8232
2.8263
2.8303
2.7694
2.7654
2.7830
2.8489
2.8041
2.7166
2.6744
2.7367
2.7724
2.7579
2.7458
2.7689
2.6678
2.7533
2.7855
2.7976
2.8519
2.9545
2.8620
2.8982
2.7875
2.7890
2.7589
2.7795
2.7830
2.7981
2.7533
2.7106
2.7750
2.7493
2.7704
2.8323
2.7387
2.7015
2.6834
2.7624
2.7714
2.8303
2.8112
2.8076
2.7624
2.7488
2.7624
2.8016
2.8021
2.8107
2.7745
2.7996
2.7875
2.7584
2.7367
2.8424
2.7885
2.8419
2.8730
2.8635
2.8695
2.8504
2.9329
2.8891
2.8554
2.9138
2.9475
2.9404
2.8841
2.9047
2.8464
2.8237
2.8157
2.8549
2.8715
2.7775
2.7574
2.7880
2.7584
2.7563
2.7443
2.8323
2.8348
2.8564
2.8740
2.7387
2.7951
2.8584
2.8635
2.7951
2.7760
2.8021
2.7775
2.8046
2.7714
2.7226
2.7644
2.7921
2.8046
2.7815
2.8906
2.8564
2.8625
2.8670
2.9334
2.8891
2.8866
2.8761
2.8021
2.7156
2.7156
2.7669
2.8066
2.7815
2.7644
2.7397
2.7503
2.7604
2.8021
2.8202
2.8474
2.8771
2.8464
2.8650
2.8258
2.8403
2.8187
2.8353
2.8449
2.9092
2.9017
2.8323
2.8348
2.8886
2.8876
2.8660
2.9218
2.9414
2.9585
2.9797
3.0194
3.0687
3.1285
3.0566
3.1301
3.1215
3.0400
2.9797
2.9988
3.0531
3.0637
3.0511
3.0073
2.9651
2.9661
2.9656
2.9988
3.0420
2.9585
2.9706
3.0330
3.0058
3.0174
2.9731
2.9515
2.9882
2.9812
3.0078
2.9771
3.0169
2.9616
2.9535
2.9771
3.0259
2.9585
3.0360
3.0496
2.9912
2.9862
2.9812
2.9988
2.9917
2.9937
2.9253
2.9771
2.9963
2.9470
2.9193
2.8791
2.7830
2.8403
2.8821
2.8816
2.9032
2.8650
2.9208
2.9329
2.9098
2.9505
2.9862
2.9590
2.9600
3.0360
3.0627
3.1316
3.1446
3.0903
3.0476
3.0264
3.0335
3.0702
3.0546
3.0541
3.0103
2.9887
3.0053
2.9424
3.0652
3.0219
3.0073
3.0491
2.9771
2.8786
2.8680
2.8293
2.8730
2.9183
2.8992
2.8937
2.8273
2.8413
2.8836
2.8937
2.8046
2.8559
2.8725
2.9067
2.8489
2.8092
2.8066
2.8459
2.8323
2.8876
2.8016
2.8625
2.9002
2.9485
2.8786
2.8786
2.8690
2.8087
2.8046
2.8026
2.8856
2.9600
2.8449
2.8444
2.9163
2.9545
2.9143
2.9691
2.9681
3.0219
3.0516
3.0073
3.0491
2.9329
2.9414
2.9696
2.9148
2.9701
2.9797
3.0189
2.9847
2.9787
2.9766
2.9203
2.9530
2.9751
2.8459
2.7900
2.7911
2.8258
2.7971
2.8393
2.9133
3.0098
2.9681
2.9253
2.8816
2.9233
2.9777
2.9123
2.8097
2.8071
2.8579
2.8821
2.9158
2.8957
2.9671
3.0073
2.9746
2.8992
2.9274
3.0119
2.9460
2.8982
2.8720
2.9600
2.9183
2.9092
2.8705
2.9253
2.9138
2.9379
2.9882
2.9611
2.9505
2.9651
2.9319
2.9087
2.9857
2.9605
2.9087
2.8796
2.8258
2.7976
2.8816
2.9460
3.0259
3.0214
3.0068
2.9218
2.9651
3.0491
3.0189
3.0159
3.0244
3.0093
3.0239
2.9027
2.9299
2.9279
2.9253
2.9470
2.9092
2.8916
2.8690
2.8489
2.9103
2.9766
2.9631
2.9319
2.9515
3.0068
3.0611
2.9948
3.0300
3.0888
3.0018
3.0239
2.9978
3.0556
3.0863
3.0546
3.0325
2.9837
3.0103
3.0953
3.0637
2.9857
2.9812
2.9651
2.9555
3.1190
2.9948
2.9882
2.9279
2.9279
2.9208
2.9761
3.0687
3.0637
2.9434
2.9374
2.9133
2.9279
3.0103
2.9465
2.9953
2.9958
3.0531
3.0088
3.0305
3.1301
3.0903
3.0491
3.1537
3.0762
3.0496
3.0803
2.9998
3.0320
2.9309
2.9399
3.0209
3.0184
3.0058
3.0058
3.0184
3.0903
3.0893
3.0576
3.0350
3.1150
3.0888
3.1326
3.0491
3.0486
3.0918
3.1773
3.1889
3.1653
3.1260
3.0868
3.0883
3.0793
3.0194
3.0159
3.0048
3.0561
3.0345
3.0933
3.0818
3.0541
3.0953
3.1059
3.0918
3.0818
3.0536
3.0687
2.9912
2.9932
3.0285
3.0672
3.0727
3.0798
3.0928
3.0928
3.0511
3.1894
3.1758
3.1758
3.2085
3.1803
3.2231
3.2523
3.1170
3.1220
3.1472
3.1094
3.0541
3.1376
3.1381
3.0943
3.0521
3.0209
3.0279
3.0440
3.0682
3.0742
3.0793
3.0189
3.0370
2.9978
3.0405
3.0556
3.1703
3.0883
3.1733
3.1235
3.1703
3.2261
3.1728
3.2171
3.1959
3.0858
3.0772
3.1140
3.1099
3.0400
3.0546
3.0119
3.1074
3.0928
3.0833
3.0953
3.1572
3.1311
3.1748
3.1220
3.0953
3.0536
3.0627
3.1034
2.9937
3.0430
3.0234
3.1029
3.1426
3.0787
3.1145
3.1512
3.1803
3.1798
3.2528
3.2568
3.1416
3.1285
3.1316
3.1743
3.2080
3.1592
3.2055
3.1587
3.1517
3.1165
3.0893
3.0798
3.0938
3.0516
3.0521
3.0310
2.9716
2.9510
2.9963
3.0209
3.0913
3.1768
3.1768
3.1140
3.0103
2.9998
3.0330
3.0048
2.9741
2.9832
2.9902
2.9726
3.0450
3.0471
3.0818
3.1150
3.0576
3.0239
3.0420
3.0964
3.1582
3.1542
3.1401
3.0742
3.0793
3.1099
3.1909
3.1461
3.1326
3.1235
3.0943
3.1361
3.0722
3.0350
3.1150
3.1743
3.2161
3.1326
3.1104
3.0546
3.0320
2.9948
3.1160
3.0259
3.0637
3.0873
3.1104
3.0958
3.0420
3.0018
2.9937
3.0606
3.0591
2.9932
2.9555
3.0008
2.9907
3.0088
3.0722
3.1396
3.1069
3.0732
3.1205
3.1980
3.1839
3.1381
3.1280
3.0561
3.0440
3.0672
3.0632
3.1235
3.1059
3.0928
3.1683
3.2130
3.1512
3.1059
3.0908
3.1240
3.1889
3.1451
3.1311
3.1019
3.1416
3.1612
3.1165
3.1869
3.1416
3.2035
3.1758
3.1758
3.1778
3.1451
3.0913
3.1451
3.1964
3.2427
3.1864
3.1844
3.2035
3.0908
3.1130
3.1094
3.1150
3.0787
3.1446
3.2060
3.2417
3.3529
3.3302
3.3146
3.2799
3.2643
3.2643
3.2311
3.2729
3.1653
3.1255
3.2236
3.3081
3.2558
3.2885
3.3146
3.2588
3.1431
3.0918
3.1130
3.1210
3.0606
3.0798
3.0405
3.0652
3.0918
3.0189
3.0913
3.1019
3.1190
3.1663
3.1275
3.0984
3.0229
3.0405
3.0430
2.9475
3.0818
3.0627
3.1446
3.1316
3.1542
3.1290
3.1195
3.1240
3.1803
3.2010
3.1743
3.1869
3.2055
3.1658
3.1265
3.1929
3.1990
3.2161
3.1220
3.1688
3.2457
3.2749
3.2070
3.2010
3.1944
3.1054
3.0803
3.1049
3.1768
3.2201
3.2417
3.2377
3.1798
3.2005
3.1426
3.2256
3.2337
3.2120
3.2447
3.2191
3.1975
3.1235
3.1165
3.1210
3.0707
3.0445
3.0355
3.0616
3.1009
3.1944
3.2025
3.2493
3.2196
3.1874
3.1230
3.1049
3.1130
3.0974
3.1185
3.1130
3.1175
3.1768
3.2060
3.1562
3.1401
3.1824
3.1919
3.1985
3.1939
3.2523
3.2120
3.2161
3.2281
3.2050
3.2196
3.1145
3.0984
3.1089
3.1472
3.1019
3.1426
3.2060
3.1487
3.1788
3.1451
3.0908
3.1029
3.0793
3.1049
3.1648
3.1904
3.2291
3.3031
3.3036
3.2820
3.2035
3.2085
3.1688
3.2045
3.1773
3.0928
3.0194
3.1869
3.1326
3.1230
3.1798
3.1371
3.1587
3.1421
3.1416
3.0974
3.1381
3.1381
3.1290
3.0999
3.1718
3.1627
3.1562
3.1728
3.1743
3.1648
3.2125
3.2674
3.2518
3.2241
3.2327
3.1451
3.1653
3.2005
3.2493
3.2940
3.2659
3.2643
3.2337
3.1768
3.1461
3.1859
3.2070
3.1884
3.2709
3.3433
3.3675
3.2769
3.2503
3.2427
3.2281
3.2472
3.2191
3.2618
3.2518
3.2442
3.2382
3.2563
3.3031
3.2397
3.1919
3.1140
3.1522
3.2125
3.2146
3.2488
3.2417
3.1944
3.2830
3.2256
3.1934
3.2538
3.3614
3.3167
3.2397
3.2985
3.3317
3.2840
3.3011
3.3222
3.3292
3.2804
3.2447
3.2387
3.2352
3.1894
3.2608
3.2830
3.2563
3.2000
3.1939
3.1381
3.1054
3.0918
3.2095
3.2231
3.2231
3.2427
3.2488
3.2301
3.3237
3.3619
3.3805
3.3192
3.3061
3.3388
3.3413
3.2472
3.2196
3.2035
3.2306
3.1864
3.2166
3.2608
3.2397
3.1919
3.3388
3.3629
3.2945
3.2548
3.2588
3.2271
3.2488
3.2311
3.2286
3.1517
3.2654
3.2865
3.2704
3.1859
3.2684
3.2573
3.2588
3.3131
3.2266
3.2794
3.2850
3.2910
3.2211
3.2528
3.2563
3.3006
3.3141
3.4072
3.3202
3.2840
3.1844
3.1406
3.2140
3.2055
3.2744
3.1658
3.1567
3.2261
3.1839
3.1954
3.1889
3.2191
3.2503
3.3287
3.2814
3.2236
3.2432
3.2704
3.2699
3.3116
3.3217
3.3805
3.3428
3.3443
3.2422
3.2477
3.1990
3.2146
3.2699
3.2895
3.3690
3.3101
3.3403
3.3654
3.4344
3.4032
3.3257
3.3831
3.3851
3.3665
3.4469
3.4550
3.4298
3.4414
3.3685
3.3529
3.2991
3.2900
3.3247
3.3433
3.3026
3.3036
3.2402
3.2246
3.1285
3.1723
3.1975
3.2337
3.3157
3.3131
3.3232
3.3805
3.3644
3.4238
3.3825
3.3856
3.3659
3.3287
3.3665
3.4268
3.3745
3.2935
3.3076
3.3287
3.3232
3.4142
3.4082
3.3202
3.3378
3.3398
3.3333
3.3353
3.3187
3.3795
3.3086
3.3680
3.3317
3.3901
3.4540
3.4273
3.4283
3.4399
3.4173
3.4429
3.4831
3.4505
3.5083
3.4686
3.3755
3.4444
3.4842
3.4505
3.4887
3.4947
3.4590
3.3539
3.4168
3.3911
3.3800
3.4354
3.3931
3.3403
3.3202
3.3157
3.4102
3.3629
3.4127
3.3966
3.4384
3.4781
3.4263
3.4590
3.3896
3.3690
3.4168
3.3891
3.3735
3.4203
3.4887
3.5063
3.4560
3.4399
3.3750
3.3473
3.4012
3.3760
3.2845
3.3433
3.3338
3.3499
3.3056
3.3272
3.4494
3.4132
3.3242
3.3081
3.3071
3.3388
3.2789
3.3795
3.4152
3.4107
3.3931
3.4132
3.4082
3.4052
3.4540
3.3966
3.3629
3.4017
3.4313
3.5370
3.5551
3.5128
3.4615
3.4751
3.6240
3.6195
3.5832
3.5787
3.5002
3.4409
3.3971
3.4801
3.5319
3.4852
3.4826
3.4288
3.4409
3.3971
3.4379
3.4364
3.4585
3.4188
3.4238
3.3388
3.3986
3.4173
3.4097
3.3866
3.3644
3.3911
3.3187
3.3574
3.4520
3.4479
3.4223
3.4243
3.3634
3.3594
3.3986
3.4831
3.5123
3.5470
3.5269
3.5264
3.5013
3.5274
3.4731
3.5153
3.5365
3.5224
3.5742
3.5284
3.5153
3.4741
3.4957
3.3755
3.2523
3.3187
3.3690
3.3851
3.4404
3.4173
3.4520
3.4902
3.4967
3.5460
3.5179
3.4228
3.4157
3.3986
3.3856
3.4409
3.5018
3.4635
3.5088
3.4590
3.5586
3.6019
3.6129
3.5893
3.5601
3.4449
3.4736
3.4852
3.5148
3.5123
3.4484
3.4967
3.4404
3.4168
3.4414
3.4821
3.5762
3.5717
3.6114
3.4912
3.5098
3.5339
3.4972
3.4499
3.4560
3.5043
3.4872
3.4821
3.4912
3.4681
3.4726
3.4922
3.4892
3.4530
3.4806
3.5103
3.4912
3.4560
3.4499
3.4560
3.4927
3.5626
3.5299
3.4318
3.4540
3.5224
3.5541
3.4494
3.4354
3.5475
3.5636
3.5289
3.5168
3.5913
3.5938
3.7009
3.6240
3.6205
3.6456
3.5712
3.5802
3.5848
3.6637
3.6813
3.6185
3.6149
3.5586
3.5173
3.5702
3.5470
3.4484
3.4545
3.4826
3.4786
3.5219
3.5098
3.5430
3.5053
3.5611
3.5712
3.5475
3.5309
3.5596
3.4756
3.5284
3.5682
3.6285
3.6647
3.6265
3.5475
3.5299
3.5269
3.5053
3.5480
3.5717
3.5611
3.5390
3.5752
3.5495
3.5752
3.6034
3.6245
3.5661
3.5430
3.5475
3.5712
3.5571
3.5360
3.5641
3.5656
3.5073
3.4982
3.5148
3.5058
3.4972
3.4917
3.5299
3.5168
3.5380
3.5656
3.5742
3.6019
3.5485
3.5531
3.5656
3.6069
3.5848
3.5455
3.6667
3.6929
3.6506
3.5938
3.5521
3.5858
3.6325
3.6144
3.5591
3.5370
3.5858
3.5470
3.5521
3.5968
3.6089
3.5752
3.5294
3.5893
3.6250
3.5541
3.5772
3.5712
3.5687
3.5319
3.5370
3.6185
3.6044
3.6572
3.5913
3.6572
3.6451
3.6129
3.5556
3.6511
3.5968
3.5772
3.5938
3.5646
3.5636
3.6064
3.6129
3.6848
3.6743
3.6672
3.5878
3.5380
3.5541
3.5455
3.5591
3.5063
3.6154
3.6215
3.6275
3.6114
3.5551
3.5762
3.5938
3.5963
3.5329
3.6039
3.6245
3.5883
3.5168
3.4293
3.4630
3.4655
3.5938
3.6698
3.7291
3.6325
3.5832
3.6401
3.6728
3.7296
3.7196
3.6471
3.4967
3.5566
3.6205
3.6667
3.6622
3.6688
3.6215
3.6255
3.6637
3.6154
3.6114
3.6527
3.6079
3.5521
3.5752
3.4982
3.5028
3.5390
3.5757
3.5712
3.6411
3.6104
3.5656
3.6079
3.5853
3.5460
3.5707
3.5148
3.5827
3.4600
3.4645
3.4364
3.4756
3.5400
3.5656
3.7125
3.6743
3.6778
3.6496
3.6471
3.6879
3.7201
3.6914
3.7211
3.7125
3.7160
3.6567
3.6743
3.6431
3.6220
3.6069
3.6039
3.5500
3.5430
3.5571
3.5893
3.6029
3.5485
3.5415
3.5777
3.6064
3.5636
3.6572
3.6436
3.5586
3.6215
3.5435
3.5998
3.5707
3.5782
3.6169
3.5812
3.5963
3.5339
3.5832
3.6200
3.6039
3.5415
3.5998
3.6738
3.6134
3.5787
3.5334
3.5390
3.4595
3.5158
3.5289
3.4726
3.6129
3.6542
3.6084
3.6386
3.6728
3.6642
3.6597
3.6667
3.6285
3.6758
3.6783
3.5636
3.5103
3.5113
3.5571
3.5470
3.5063
3.5199
3.5842
3.5868
3.6778
3.6899
3.7020
3.6557
3.6954
3.6612
3.6778
3.6169
3.5707
3.6008
3.6426
3.6627
3.6788
3.7040
3.6994
3.7160
3.6994
3.6743
3.6778
3.6275
3.5355
3.5571
3.5148
3.6008
3.6743
3.6788
3.6803
3.7251
3.7900
3.7734
3.6999
3.6532
3.5345
3.6029
3.6788
3.6169
3.5712
3.5360
3.5425
3.5470
3.5274
3.4942
3.5314
3.5707
3.6104
3.5224
3.5219
3.6275
3.6637
3.6159
3.6109
3.5787
3.5219
3.5822
3.5455
3.5495
3.5521
3.5968
3.6300
3.6220
3.5108
3.5355
3.5621
3.5832
3.6627
3.4887
3.5264
3.5339
3.5641
3.5425
3.5264
3.5646
3.6064
3.5958
3.5646
3.6270
3.6436
3.5591
3.5883
3.5727
3.5264
3.4831
3.5179
3.6044
3.5712
3.5264
3.4706
3.5038
3.5184
3.4776
3.5078
3.4982
3.4213
3.4872
3.5168
3.5264
3.4620
3.4545
3.4288
3.5043
3.4444
3.5671
3.6195
3.6989
3.6964
3.7135
3.6768
3.6255
3.6637
3.7231
3.6622
3.6245
3.6295
3.6969
3.6310
3.5505
3.6064
3.6039
3.5938
3.5973
3.6617
3.6441
3.6577
3.6225
3.6059
3.6270
3.6416
3.7065
3.6486
3.6481
3.6693
3.6511
3.6195
3.5948
3.5958
3.6828
3.5264
3.5551
3.5671
3.6401
3.6416
3.6506
3.5858
3.6124
3.5772
3.6597
3.6134
3.5355
3.5314
3.5827
3.5868
3.5998
3.7301
3.7834
3.6848
3.6647
3.6597
3.6250
3.5656
3.5858
3.6124
3.5671
3.6069
3.5013
3.4967
3.5013
3.4525
3.4897
3.4645
3.4681
3.5028
3.4414
3.4706
3.5249
3.5018
3.5173
3.5591
3.5702
3.5661
3.5878
3.5586
3.5495
3.6154
3.5918
3.5832
3.5455
3.4852
3.5148
3.5264
3.4268
3.5249
3.5873
3.4947
3.5334
3.4756
3.3916
3.4761
3.4982
3.4821
3.4595
3.4942
3.5742
3.5923
3.5329
3.5470
3.4741
3.5299
3.4298
3.4741
3.5063
3.5309
3.5485
3.4545
3.5239
3.5123
3.5028
3.4962
3.5435
3.5797
3.5541
3.5339
3.5309
3.6431
3.5671
3.5133
3.4927
3.4972
3.5993
3.5893
3.5390
3.5345
3.5289
3.4313
3.4328
3.4540
3.4157
3.4308
3.5158
3.5495
3.4545
3.5038
3.4852
3.5153
3.4957
3.3735
3.3941
3.4565
3.5355
3.5516
3.5853
3.4741
3.4635
3.4127
3.4826
3.4595
3.5073
3.4570
3.4499
3.5088
3.4570
3.4640
3.4776
3.4449
3.5168
3.5812
3.4937
3.5334
3.5294
3.5586
3.6325
3.6456
3.6989
3.5802
3.6486
3.5943
3.6401
3.6522
3.6612
3.6456
3.5938
3.5103
3.5551
3.5666
3.5541
3.4902
3.4806
3.5219
3.5737
3.5596
3.6129
3.5153
3.5455
3.5405
3.5128
3.5249
3.4902
3.4972
3.5229
3.5440
3.5058
3.5289
3.5898
3.5410
3.5128
3.5460
3.5661
3.5948
3.5666
3.5425
3.5556
3.5682
3.5868
3.6034
3.6768
3.6044
3.5822
3.5666
3.5641
3.5531
3.5435
3.6225
3.6919
3.6486
3.6371
3.7452
3.7341
3.7648
3.7362
3.7543
3.7694
3.7170
3.7100
3.7040
3.6034
3.6572
3.6743
3.6471
3.6230
3.6185
3.5923
3.6159
3.5712
3.6954
3.6828
3.7472
3.6783
3.6481
3.5827
3.5450
3.6124
3.6185
3.6356
3.6904
3.7035
3.6356
3.6356
3.6059
3.6054
3.6159
3.6542
3.7256
3.6642
3.6270
3.6622
3.6572
3.6230
3.6059
3.6250
3.6406
3.5988
3.5566
3.4635
3.5284
3.5158
3.4847
3.5033
3.4741
3.4414
3.5360
3.5521
3.5415
3.4821
3.4816
3.5008
3.5360
3.5204
3.4947
3.3730
3.3654
3.3936
3.4238
3.4585
3.4927
3.5626
3.5214
3.4982
3.4600
3.5812
3.5546
3.5656
3.5742
3.4852
3.4620
3.5274
3.5470
3.5938
3.5013
3.4620
3.4032
3.3981
3.4293
3.4741
3.4922
3.5732
3.6240
3.6174
3.6029
3.5918
3.6054
3.6054
3.6361
3.5541
3.5460
3.5179
3.5269
3.5264
3.4897
3.5848
3.5143
3.6014
3.5380
3.5108
3.5143
3.5878
3.5586
3.6019
3.6019
3.5712
3.5133
3.5571
3.5802
3.6693
3.7276
3.7699
3.7291
3.6431
3.6854
3.5626
3.6174
3.5707
3.5868
3.5903
3.5521
3.5541
3.5033
3.5611
3.5586
3.5390
3.5531
3.5878
3.6441
3.6662
3.7030
3.6788
3.6698
3.6416
3.6310
3.7628
3.7221
3.7231
3.6612
3.6356
3.6159
3.5822
3.5656
3.5938
3.5551
3.5878
3.5807
3.5531
3.5435
3.5702
3.5566
3.5475
3.5173
3.5173
3.5380
3.4706
3.5883
3.5601
3.5827
3.5239
3.4887
3.5390
3.5546
3.5878
3.6552
3.6200
3.5636
3.6356
3.6476
3.7341
3.6481
3.5717
3.6220
3.6149
3.6763
3.6894
3.7065
3.7130
3.6944
3.6522
3.6713
3.6114
3.5460
3.6325
3.6361
3.6064
3.6783
3.6506
3.6798
3.6290
3.6014
3.6014
3.5797
3.6069
3.5848
3.6426
3.5601
3.5500
3.5727
3.5787
3.6391
3.6511
3.6174
3.6989
3.6954
3.6612
3.7201
3.6275
3.5671
3.5883
3.6114
3.5983
3.6527
3.6401
3.5998
3.6431
3.6431
3.6099
3.6808
3.7372
3.7553
3.6869
3.7055
3.6813
3.5858
3.5807
3.6597
3.5712
3.5380
3.5641
3.5943
3.5853
3.6542
3.6426
3.5993
3.6436
3.6547
3.6848
3.6532
3.5878
3.5822
3.5224
3.5219
3.5531
3.5641
3.5008
3.5249
3.5556
3.6200
3.6587
3.6340
3.6788
3.6079
3.6904
3.6476
3.7623
3.7548
3.6542
3.6104
3.6179
3.6672
3.6506
3.6185
3.5913
3.6381
3.5858
3.6124
3.6099
3.6501
3.6275
3.5998
3.5571
3.6441
3.7185
3.6265
3.5566
3.5687
3.6215
3.6255
3.6295
3.6335
3.5621
3.5626
3.5712
3.6114
3.6522
3.6506
3.6064
3.6371
3.6713
3.7502
3.6597
3.6134
3.6431
3.6225
3.6295
3.6441
3.5616
3.6366
3.6059
3.6803
3.7568
3.7719
3.7502
3.6481
3.7231
3.7472
3.6476
3.6667
3.6939
3.6602
3.6989
3.6869
3.6547
3.6939
3.7030
3.6899
3.7628
3.6984
3.7175
3.7618
3.7221
3.7014
3.7201
3.7020
3.6874
3.6547
3.6718
3.6778
3.6914
3.6994
3.6758
3.6682
3.6205
3.6371
3.6195
3.5827
3.6406
3.6149
3.6325
3.6667
3.6185
3.5827
3.5435
3.5591
3.5802
3.6179
3.6461
3.6672
3.6914
3.6064
3.6682
3.6104
3.6406
3.6310
3.5692
3.5687
3.5339
3.5762
3.5913
3.6255
3.6200
3.6894
3.6250
3.6300
3.6657
3.5641
3.5853
3.5365
3.5832
3.5480
3.6144
3.5777
3.5626
3.5928
3.5757
3.6340
3.6899
3.6250
3.5797
3.6587
3.6672
3.6174
3.6667
3.6391
3.6944
3.6285
3.5903
3.6356
3.6159
3.5812
3.5541
3.4917
3.4967
3.5460
3.6240
3.5541
3.5973
3.6411
3.6174
3.6044
3.6044
3.6557
3.6843
3.7060
3.6159
3.6014
3.5480
3.5531
3.5028
3.5470
3.5928
3.6803
3.6823
3.6084
3.5541
3.6200
3.6471
3.6461
3.6688
3.6869
3.6265
3.5033
3.4434
3.4298
3.5244
3.5133
3.4842
3.5551
3.6185
3.5827
3.5556
3.4600
3.4962
3.5551
3.4505
3.4570
3.4826
3.5329
3.5712
3.6506
3.6275
3.6315
3.5717
3.5797
3.5968
3.6602
3.5616
3.5616
3.6019
3.6763
3.5858
3.5249
3.5339
3.5184
3.4660
3.4786
3.4459
3.4645
3.5078
3.4424
3.5148
3.4957
3.5123
3.5551
3.5671
3.5868
3.6008
3.6325
3.6461
3.5611
3.5505
3.6044
3.5636
3.6255
3.5556
3.5762
3.5727
3.5269
3.5566
3.5249
3.5641
3.4987
3.4404
3.5656
3.5546
3.5455
3.5802
3.5430
3.5365
3.5541
3.5435
3.6019
3.6008
3.5687
3.5239
3.4590
3.5058
3.5289
3.5480
3.5616
3.5018
3.4736
3.5073
3.5088
3.5435
3.4947
3.5204
3.5194
3.4877
3.5702
3.4927
3.5098
3.4892
3.4444
3.4736
3.5043
3.5596
3.5596
3.6034
3.6230
3.5682
3.5329
3.5918
3.5641
3.4671
3.4686
3.5123
3.5360
3.4967
3.4716
3.4831
3.5128
3.5013
3.4751
3.4318
3.4857
3.4409
3.3856
3.2900
3.4313
3.4585
3.5053
3.4640
3.4364
3.4359
3.4344
3.4982
3.5229
3.4897
3.5284
3.5661
3.5334
3.5727
3.6532
3.6195
3.5516
3.5526
3.5033
3.4434
3.4620
3.5294
3.4499
3.4454
3.4530
3.4801
3.4691
3.4897
3.5184
3.4962
3.4912
3.4665
3.4147
3.4520
3.4681
3.4902
3.4872
3.5038
3.5073
3.4665
3.4691
3.5551
3.4515
3.4671
3.4273
3.3876
3.3353
3.3569
3.4610
3.5289
3.4942
3.4897
3.4660
3.4459
3.3785
3.3931
3.4243
3.4379
3.5415
3.5671
3.4801
3.3524
3.3499
3.3820
3.3519
3.3202
3.3272
3.3001
3.3121
3.3634
3.3705
3.3961
3.4168
3.4097
3.3629
3.4223
3.4469
3.4122
3.3856
3.4399
3.4575
3.3247
3.3991
3.5133
3.5671
3.4917
3.4449
3.4007
3.3338
3.3056
3.3373
3.4786
3.4967
3.5143
3.4726
3.4525
3.5002
3.5058
3.5194
3.4857
3.4429
3.3665
3.4796
3.4691
3.4686
3.3760
3.4012
3.3353
3.3378
3.4052
3.4645
3.4681
3.3428
3.3961
3.5113
3.3544
3.3514
3.3815
3.3750
3.4293
3.5153
3.4414
3.4404
3.3539
3.3121
3.3614
3.3488
3.3800
3.3614
3.3383
3.4228
3.3514
3.3609
3.3262
3.3524
3.3725
3.3675
3.4469
3.3690
3.3629
3.4444
3.3685
3.3428
3.3936
3.3629
3.3478
3.3051
3.4530
3.4062
3.4122
3.4178
3.3690
3.2895
3.3262
3.2779
3.2749
3.2820
3.2875
3.3468
3.3780
3.3383
3.3730
3.3544
3.3262
3.2583
3.2684
3.3413
3.3116
3.2256
3.2558
3.3001
3.3544
3.3106
3.2452
3.3036
3.3871
3.3574
3.3006
3.2930
3.3262
3.3644
3.3916
3.3267
3.3428
3.3901
3.3272
3.3212
3.2980
3.3398
3.3001
3.3026
3.2493
3.2628
3.2633
3.3363
3.4037
3.3911
3.3986
3.4404
3.3745
3.3891
3.3473
3.3901
3.3262
3.3609
3.3157
3.3242
3.3076
3.3157
3.3584
3.3106
3.3524
3.2875
3.3016
3.3036
3.2820
3.3539
3.2659
3.2120
3.1396
3.1698
3.1617
3.2377
3.2664
3.2115
3.2774
3.2417
3.1612
3.1451
3.1522
3.1688
3.1814
3.1914
3.1768
3.1980
3.2558
3.2362
3.2528
3.2442
3.2910
3.3685
3.3846
3.3549
3.3519
3.2256
3.2236
3.3307
3.3433
3.2825
3.3187
3.3785
3.3499
3.3287
3.3222
3.2025
3.1753
3.2080
3.2085
3.1703
3.1074
3.1356
3.1773
3.1773
3.2105
3.2633
3.2744
3.2070
3.1990
3.2045
3.2920
3.3071
3.2422
3.1743
3.0888
3.1537
3.1381
3.1788
3.1466
3.0591
3.0798
3.1034
3.1748
3.1748
3.2176
3.2261
3.1929
3.1592
3.0787
3.0496
3.0717
3.1190
3.2080
3.1788
3.1582
3.1733
3.1733
3.1748
3.1542
3.1829
3.2236
3.2749
3.2503
3.2955
3.2337
3.2085
3.1793
3.1688
3.2352
3.2518
3.2427
3.2477
3.1874
3.1532
3.1587
3.1316
3.1119
3.0647
3.1140
3.1195
3.1758
3.1748
3.1235
3.0616
3.0913
3.0707
3.0637
3.1034
3.1019
3.0028
3.0239
3.0093
2.9460
3.0164
3.0023
3.0139
3.0964
3.1798
3.1170
3.0772
3.0184
2.9842
3.0113
3.1376
3.0843
3.1074
3.0400
3.0219
3.0707
3.1094
3.1265
3.1401
3.0974
3.1487
3.0486
3.0189
3.0476
3.0576
2.9822
3.0204
3.0053
3.0793
3.0405
3.0958
3.0430
3.0546
2.9696
2.9837
2.9575
2.9263
2.9676
2.9676
2.9882
2.9716
3.0008
3.0355
3.1542
3.0662
3.1572
3.2266
3.2140
3.1532
3.0858
3.0868
3.1210
3.1557
3.0974
3.0531
3.0843
3.0974
3.0742
3.0048
3.0576
3.0662
3.0627
2.9958
2.9882
2.9173
2.9193
2.9520
2.9777
3.0290
2.9797
2.9661
2.9882
3.0787
3.0606
3.1044
3.0793
3.0088
2.9867
2.9611
3.0134
2.9701
2.9470
2.9837
2.9797
3.0189
3.0279
3.0103
2.9676
2.8937
2.9424
2.9052
2.9424
3.0139
2.9988
2.9842
2.8308
2.8740
2.8670
2.9450
2.9611
2.9837
3.0214
2.9978
2.9988
2.9148
2.8866
2.8957
2.9540
2.9470
2.9616
2.9741
2.9626
2.9309
3.0450
2.9882
2.9822
2.9575
2.9590
2.9495
2.8680
2.9359
2.9103
2.9027
2.8655
2.8373
2.8786
2.9233
2.9555
2.9359
3.0375
2.9787
2.9963
2.9892
2.9917
2.8992
2.9902
2.9842
2.8947
2.8811
2.9329
2.9510
2.9042
2.8977
2.9052
2.9183
2.8554
2.8620
2.8132
2.8625
2.8891
2.9309
2.8962
2.9032
2.8549
2.9163
3.0440
3.0762
3.0606
3.0576
2.9817
2.9349
2.9324
2.8771
2.8343
2.9203
2.9329
2.9309
2.8740
2.8363
2.8675
2.9148
2.9158
2.8650
2.8388
2.8584
2.8771
2.8997
2.8529
2.8484
2.8469
2.8977
2.8620
2.8660
2.8167
2.8766
2.8564
2.8725
2.8650
2.8041
2.8232
2.7956
2.7840
2.7548
2.8087
2.8690
2.8670
2.8906
2.7926
2.8459
2.7905
2.8237
2.8590
2.8006
2.7679
2.8076
2.7850
2.8202
2.7277
2.8625
2.8343
2.7528
2.8373
2.8046
2.8137
2.7890
2.9118
2.8937
2.9319
2.8886
2.8444
2.8549
2.8715
2.8947
2.9027
2.8122
2.8303
2.9062
2.9626
2.9092
2.9344
2.8906
2.8776
2.8469
2.7911
2.7830
2.7649
2.7086
2.7855
2.8514
2.8263
2.8504
2.8906
2.9520
2.8911
2.9324
2.8786
2.8459
2.8771
2.8343
2.8564
2.8212
2.8031
2.8232
2.8474
2.8776
2.8353
2.9188
2.9203
2.8258
2.9133
2.9475
2.9631
2.9103
2.8720
2.8217
2.7719
2.7674
2.7760
2.8977
2.9263
2.9671
2.9877
2.9299
2.8016
2.8001
2.9042
2.9284
2.8972
2.8182
2.8645
2.9450
2.8761
2.9098
2.9007
2.9505
2.8891
2.8247
2.7951
2.7860
2.9052
2.8771
2.8579
2.9168
2.9389
2.9253
2.8937
2.9092
2.9329
2.9007
2.9258
3.0325
2.9188
2.9721
2.9716
2.9263
2.9047
2.9948
2.9988
3.1290
3.0657
3.0732
2.9505
2.9238
2.9540
3.0214
2.9334
2.8584
2.9168
2.9414
3.0229
2.9847
2.9585
2.9279
3.0028
3.0561
2.9716
2.9163
2.9605
2.9937
3.0068
2.9123
2.8821
2.8298
2.9279
2.8434
2.9052
2.9837
2.9676
2.9258
2.9777
2.9535
2.8393
2.8816
2.9751
2.9726
2.9505
2.9007
2.8952
2.9143
2.9475
2.9535
2.9766
2.9510
2.9133
2.9077
2.7740
2.7900
2.8167
2.8444
2.8740
2.9072
2.9535
2.9787
2.9842
3.0335
3.0073
3.0290
3.0450
3.0762
3.0601
3.0149
2.9927
2.9530
2.9052
2.8786
2.8891
2.9495
3.0415
3.0219
3.0400
2.9485
2.9751
2.9414
3.0420
3.0350
3.1446
3.0053
2.9958
2.9450
2.9605
3.0244
2.9485
2.9208
2.8680
2.9027
2.8761
2.8564
2.9932
2.9963
3.0958
3.1381
3.1371
3.1049
3.0913
3.0707
3.1617
3.1336
3.0501
3.0501
2.9958
3.0214
3.0285
3.0134
3.0330
3.0068
2.9857
3.0425
2.9284
2.8730
2.8972
2.9555
2.9802
2.8811
3.0088
3.0395
2.9706
2.9465
2.9721
2.9812
2.9777
2.9535
2.8720
2.8841
2.8730
2.8745
2.8972
2.9253
2.9857
2.9394
2.9978
2.9892
2.9092
2.8816
2.8831
2.8600
2.9092
2.8916
2.8786
2.9103
2.8715
3.0234
2.9867
2.9289
2.8952
2.9671
2.9123
2.8625
2.9263
2.9998
3.0335
2.9731
2.8876
2.9072
2.9535
2.9465
3.0149
2.9927
3.0073
3.0285
3.0546
3.0531
3.0103
2.9877
3.0576
3.0772
3.0606
3.0687
3.0647
3.2015
3.2171
3.1220
3.1472
3.0707
3.0762
3.0370
2.9766
3.0169
3.0370
3.0098
3.0611
3.0073
3.0279
3.1074
3.0928
3.0722
3.0355
3.0169
2.9953
3.0541
3.0536
3.0003
3.0119
3.0662
3.0616
3.0697
3.0335
3.0798
3.1688
3.2447
3.1844
3.1290
3.0254
3.0546
3.0933
3.0415
3.0541
3.0647
3.0823
3.0657
3.0194
3.0928
3.1356
3.1874
3.1316
3.1753
3.1964
3.1718
3.1094
3.1371
3.1356
3.1255
3.0320
3.0355
3.0823
3.0747
3.0677
3.0430
3.1079
3.1426
3.0335
3.1124
3.0964
3.0762
3.1416
3.1824
3.1512
3.0707
3.0355
3.0476
3.0717
3.0028
3.0023
2.9626
3.0390
3.0405
3.1401
3.1698
3.1512
3.1210
3.0918
3.1140
3.0984
3.1170
3.0471
3.1019
3.1627
3.1446
3.1944
3.1803
3.2432
3.1416
3.0662
3.0843
3.1396
3.1904
3.1980
3.2779
3.2643
3.2306
3.2754
3.2618
3.2191
3.1557
3.2457
3.2176
3.1658
3.1683
3.1708
3.2352
3.2744
3.2920
3.3267
3.2794
3.2538
3.2890
3.2186
3.1758
3.1326
3.1869
3.1492
3.1351
3.1260
3.1371
3.1150
3.0461
3.0787
3.0928
3.0611
3.1638
3.2095
3.2960
3.3086
3.3086
3.3061
3.2115
3.2030
3.1743
3.2397
3.2447
3.2472
3.2613
3.3157
3.3126
3.2684
3.3096
3.2457
3.2477
3.1990
3.2457
3.2186
3.2387
3.1285
3.1210
3.1124
3.1497
3.1245
3.1290
3.1824
3.1617
3.1778
3.1466
3.1980
3.2120
3.2689
3.2246
3.1788
3.2422
3.2055
3.1658
3.1904
3.0918
3.1240
3.1582
3.2055
3.2628
3.2714
3.1542
3.1497
3.2191
3.1461
3.2166
3.1336
3.1119
3.1824
3.1798
3.2427
3.3106
3.3006
3.3116
3.2674
3.2452
3.3141
3.2467
3.2402
3.2885
3.2729
3.2488
3.2518
3.2664
3.3187
3.3172
3.2814
3.3619
3.3805
3.3292
3.2281
3.2799
3.2754
3.3031
3.2830
3.2659
3.1376
3.1150
3.1124
3.1265
3.0974
3.1512
3.1356
3.1778
3.1255
3.2422
3.3428
3.2825
3.2563
3.3001
3.2357
3.2538
3.2769
3.2729
3.2387
3.1703
3.2045
3.1859
3.2055
3.1567
3.2679
3.3081
3.2759
3.3468
3.3785
3.3131
3.3006
3.2166
3.2397
3.1929
3.1778
3.2754
3.3131
3.1728
3.1743
3.2261
3.2151
3.1859
3.0999
3.1602
3.0908
3.0058
3.0395
3.0325
3.0903
3.1431
3.1235
3.1170
3.0370
2.9746
2.9530
2.9123
2.8947
2.9007
3.0119
3.0430
3.1089
3.0300
3.0360
3.0823
3.1260
3.1607
3.1864
3.2261
3.1401
3.1502
3.1461
3.2271
3.1944
3.1909
3.1869
3.2055
3.2095
3.1909
3.3046
3.3146
3.2910
3.2191
3.2724
3.2493
3.2628
3.2945
3.3700
3.3871
3.3026
3.4213
3.3378
3.3167
3.2503
3.3071
3.2115
3.2452
3.2166
3.2498
3.1884
3.1964
3.2130
3.1386
3.1814
3.2211
3.2432
3.2794
3.2327
3.2397
3.2548
3.2246
3.2120
3.2075
3.2000
3.1954
